Transaction,Instrument,Qty,Entry,Entry Price,Entry Time,Exit,Exit Price,Exit Time,Profit,Min Profit,Max Profit
1,NIFTY27FEB2523100CE,65,SELL,78.1,21 Feb 2025 09:16:00,BUY,67.35,21 Feb 2025 09:43:21,698.75,5076.5,5076.5
1,NIFTY27FEB2522700PE,65,SELL,80.95,21 Feb 2025 09:16:00,BUY,70.2,21 Feb 2025 09:29:05,698.75,5261.75,5261.75
1,NIFTY27FEB2523000CE,65,SELL,123.15,21 Feb 2025 09:25:00,BUY,71.95,21 Feb 2025 15:13:21,3328,8004.75,8004.75
1,NIFTY27FEB2522850PE,65,SELL,124.6,21 Feb 2025 09:25:00,BUY,133.8,21 Feb 2025 09:41:01,-598,8099,8099
2,NIFTY27FEB2522850CE,65,SELL,78.7,24 Feb 2025 09:16:00,BUY,67.95,24 Feb 2025 09:16:35,698.75,5115.5,5115.5
2,NIFTY27FEB2522600PE,65,SELL,86.95,24 Feb 2025 09:16:00,BUY,76.2,24 Feb 2025 14:46:14,698.75,5651.75,5651.75
2,NIFTY27FEB2522650CE,65,SELL,131.65,24 Feb 2025 09:25:00,BUY,82.85,24 Feb 2025 15:13:21,3172,8557.25,8557.25
2,NIFTY27FEB2522650PE,65,SELL,129.95,24 Feb 2025 09:25:00,BUY,139.15,24 Feb 2025 09:37:51,-598,8446.75,8446.75
3,NIFTY27FEB2522650CE,65,SELL,69.1,25 Feb 2025 09:16:00,BUY,58.35,25 Feb 2025 09:18:48,698.75,4491.5,4491.5
3,NIFTY27FEB2522550PE,65,SELL,79.8,25 Feb 2025 09:16:00,BUY,69.05,25 Feb 2025 09:24:16,698.75,5187,5187
3,NIFTY27FEB2522550CE,65,SELL,106.75,25 Feb 2025 09:25:00,BUY,115.95,25 Feb 2025 09:33:34,-598,6938.75,6938.75
3,NIFTY27FEB2522650PE,65,SELL,116.15,25 Feb 2025 09:25:00,BUY,125.35,25 Feb 2025 09:25:54,-598,7549.75,7549.75
4,NIFTY06MAR2522600CE,65,SELL,73.6,28 Feb 2025 09:16:00,BUY,62.85,28 Feb 2025 09:19:37,698.75,4784,4784
4,NIFTY06MAR2522200PE,65,SELL,74.1,28 Feb 2025 09:16:00,BUY,63.35,28 Feb 2025 09:21:57,698.75,4816.5,4816.5
4,NIFTY06MAR2522450CE,65,SELL,122.05,28 Feb 2025 09:25:00,BUY,48,28 Feb 2025 15:13:21,4813.25,7933.25,7933.25
4,NIFTY06MAR2522350PE,65,SELL,117.35,28 Feb 2025 09:25:00,BUY,126.55,28 Feb 2025 09:31:27,-598,7627.75,7627.75
5,NIFTY06MAR2522350CE,65,SELL,81.05,03 Mar 2025 09:16:00,BUY,70.3,03 Mar 2025 09:25:21,698.75,5268.25,5268.25
5,NIFTY06MAR2522100PE,65,SELL,77,03 Mar 2025 09:16:00,BUY,66.25,03 Mar 2025 09:18:01,698.75,5005,5005
5,NIFTY06MAR2522250CE,65,SELL,118,03 Mar 2025 09:25:00,BUY,72.7,03 Mar 2025 15:13:21,2944.5,7670,7670
5,NIFTY06MAR2522200PE,65,SELL,117.25,03 Mar 2025 09:25:00,BUY,126.45,03 Mar 2025 09:25:35,-598,7621.25,7621.25
6,NIFTY06MAR2522100CE,65,SELL,70.35,04 Mar 2025 09:16:00,BUY,59.6,04 Mar 2025 09:17:01,698.75,4572.75,4572.75
6,NIFTY06MAR2521950PE,65,SELL,82.85,04 Mar 2025 09:16:00,BUY,72.1,04 Mar 2025 09:20:42,698.75,5385.25,5385.25
6,NIFTY06MAR2522050CE,65,SELL,124.4,04 Mar 2025 09:25:00,BUY,133.6,04 Mar 2025 10:02:24,-598,8086,8086
6,NIFTY06MAR2522050PE,65,SELL,109.9,04 Mar 2025 09:25:00,BUY,119.1,04 Mar 2025 09:25:38,-598,7143.5,7143.5
7,NIFTY06MAR2522150CE,65,SELL,71.3,05 Mar 2025 09:16:00,BUY,204.7,05 Mar 2025 11:36:30,-8671,4634.5,4634.5
7,NIFTY06MAR2522100PE,65,SELL,80.95,05 Mar 2025 09:16:00,BUY,70.2,05 Mar 2025 09:20:00,698.75,5261.75,5261.75
7,NIFTY06MAR2522100CE,65,SELL,129.8,05 Mar 2025 09:25:00,BUY,139,05 Mar 2025 09:27:00,-598,8437,8437
7,NIFTY06MAR2522250PE,65,SELL,116.4,05 Mar 2025 09:25:00,BUY,125.6,05 Mar 2025 09:26:18,-598,7566,7566
8,NIFTY13MAR2522700CE,65,SELL,71.3,07 Mar 2025 09:16:00,BUY,85.45,07 Mar 2025 15:13:21,-919.75,4634.5,4634.5
8,NIFTY13MAR2522300PE,65,SELL,78.4,07 Mar 2025 09:16:00,BUY,67.65,07 Mar 2025 09:16:45,698.75,5096,5096
8,NIFTY13MAR2522600CE,65,SELL,116.9,07 Mar 2025 09:25:00,BUY,126.1,07 Mar 2025 09:26:46,-598,7598.5,7598.5
8,NIFTY13MAR2522450PE,65,SELL,117,07 Mar 2025 09:25:00,BUY,126.2,07 Mar 2025 09:29:16,-598,7605,7605
9,NIFTY13MAR2522650CE,65,SELL,89,10 Mar 2025 09:16:00,BUY,78.25,10 Mar 2025 09:17:55,698.75,5785,5785
9,NIFTY13MAR2522400PE,65,SELL,72.65,10 Mar 2025 09:16:00,BUY,61.9,10 Mar 2025 09:27:01,698.75,4722.25,4722.25
9,NIFTY13MAR2522600CE,65,SELL,122.9,10 Mar 2025 09:25:00,BUY,132.1,10 Mar 2025 09:36:43,-598,7988.5,7988.5
9,NIFTY13MAR2522550PE,65,SELL,120.25,10 Mar 2025 09:25:00,BUY,129.45,10 Mar 2025 14:19:22,-598,7816.25,7816.25
10,NIFTY13MAR2522450CE,65,SELL,71,11 Mar 2025 09:16:00,BUY,60.25,11 Mar 2025 09:17:30,698.75,4615,4615
10,NIFTY13MAR2522250PE,65,SELL,76.9,11 Mar 2025 09:16:00,BUY,66.15,11 Mar 2025 09:34:08,698.75,4998.5,4998.5
10,NIFTY13MAR2522300CE,65,SELL,124,11 Mar 2025 09:25:00,BUY,133.2,11 Mar 2025 09:27:06,-598,8060,8060
10,NIFTY13MAR2522350PE,65,SELL,126.8,11 Mar 2025 09:25:00,BUY,53.1,11 Mar 2025 15:13:21,4790.5,8242,8242
11,NIFTY13MAR2522550CE,65,SELL,89.65,12 Mar 2025 09:16:00,BUY,78.9,12 Mar 2025 09:20:22,698.75,5827.25,5827.25
11,NIFTY13MAR2522550PE,65,SELL,90.1,12 Mar 2025 09:16:00,BUY,99.85,12 Mar 2025 15:13:21,-633.75,5856.5,5856.5
11,NIFTY13MAR2522450CE,65,SELL,128.45,12 Mar 2025 09:25:00,BUY,85.35,12 Mar 2025 15:13:21,2801.5,8349.25,8349.25
11,NIFTY13MAR2522550PE,65,SELL,110.9,12 Mar 2025 09:25:00,BUY,120.1,12 Mar 2025 09:25:25,-598,7208.5,7208.5
12,NIFTY20MAR2522600CE,65,SELL,85.85,17 Mar 2025 09:16:00,BUY,75.1,17 Mar 2025 10:17:09,698.75,5580.25,5580.25
12,NIFTY20MAR2522400PE,65,SELL,76.05,17 Mar 2025 09:16:00,BUY,65.3,17 Mar 2025 09:20:08,698.75,4943.25,4943.25
12,NIFTY20MAR2522550CE,65,SELL,127.1,17 Mar 2025 09:25:00,BUY,136.3,17 Mar 2025 09:27:50,-598,8261.5,8261.5
12,NIFTY20MAR2522550PE,65,SELL,110.25,17 Mar 2025 09:25:00,BUY,119.45,17 Mar 2025 10:02:57,-598,7166.25,7166.25
13,NIFTY20MAR2522700CE,65,SELL,72.65,18 Mar 2025 09:16:00,BUY,196.05,18 Mar 2025 15:13:21,-8021,4722.25,4722.25
13,NIFTY20MAR2522550PE,65,SELL,79.3,18 Mar 2025 09:16:00,BUY,68.55,18 Mar 2025 09:24:00,698.75,5154.5,5154.5
13,NIFTY20MAR2522650CE,65,SELL,131.45,18 Mar 2025 09:25:00,BUY,140.65,18 Mar 2025 09:26:01,-598,8544.25,8544.25
13,NIFTY20MAR2522700PE,65,SELL,124.9,18 Mar 2025 09:25:00,BUY,42.4,18 Mar 2025 15:13:21,5362.5,8118.5,8118.5
14,NIFTY20MAR2522900CE,65,SELL,70.1,19 Mar 2025 09:16:00,BUY,59.35,19 Mar 2025 09:25:01,698.75,4556.5,4556.5
14,NIFTY20MAR2522850PE,65,SELL,82.05,19 Mar 2025 09:16:00,BUY,71.3,19 Mar 2025 09:16:57,698.75,5333.25,5333.25
14,NIFTY20MAR2522800CE,65,SELL,111.05,19 Mar 2025 09:25:00,BUY,120.25,19 Mar 2025 09:27:04,-598,7218.25,7218.25
14,NIFTY20MAR2522900PE,65,SELL,130.4,19 Mar 2025 09:25:00,BUY,63.75,19 Mar 2025 15:13:21,4332.25,8476,8476
15,NIFTY27MAR2523300CE,65,SELL,83.85,21 Mar 2025 09:16:00,BUY,174.7,21 Mar 2025 15:13:21,-5905.25,5450.25,5450.25
15,NIFTY27MAR2523050PE,65,SELL,80.75,21 Mar 2025 09:16:00,BUY,70,21 Mar 2025 09:29:15,698.75,5248.75,5248.75
15,NIFTY27MAR2523200CE,65,SELL,123.15,21 Mar 2025 09:25:00,BUY,132.35,21 Mar 2025 09:26:57,-598,8004.75,8004.75
15,NIFTY27MAR2523150PE,65,SELL,119.9,21 Mar 2025 09:25:00,BUY,51.05,21 Mar 2025 15:13:21,4475.25,7793.5,7793.5
16,NIFTY27MAR2523600CE,65,SELL,73.1,24 Mar 2025 09:16:00,BUY,204.7,24 Mar 2025 14:24:34,-8554,4751.5,4751.5
16,NIFTY27MAR2523400PE,65,SELL,86.9,24 Mar 2025 09:16:00,BUY,76.15,24 Mar 2025 09:17:02,698.75,5648.5,5648.5
16,NIFTY27MAR2523550CE,65,SELL,110.55,24 Mar 2025 09:25:00,BUY,119.75,24 Mar 2025 09:50:38,-598,7185.75,7185.75
16,NIFTY27MAR2523500PE,65,SELL,115.45,24 Mar 2025 09:25:00,BUY,124.65,24 Mar 2025 09:26:07,-598,7504.25,7504.25
17,NIFTY27MAR2523900CE,65,SELL,85,25 Mar 2025 09:16:00,BUY,74.25,25 Mar 2025 09:25:00,698.75,5525,5525
17,NIFTY27MAR2523650PE,65,SELL,86.4,25 Mar 2025 09:16:00,BUY,75.65,25 Mar 2025 09:37:26,698.75,5616,5616
17,NIFTY27MAR2523750CE,65,SELL,127.35,25 Mar 2025 09:25:00,BUY,136.55,25 Mar 2025 09:29:38,-598,8277.75,8277.75
17,NIFTY27MAR2523650PE,65,SELL,130.35,25 Mar 2025 09:25:00,BUY,74.85,25 Mar 2025 15:13:21,3607.5,8472.75,8472.75
18,NIFTY27MAR2523750CE,65,SELL,78.1,26 Mar 2025 09:16:00,BUY,67.35,26 Mar 2025 09:35:20,698.75,5076.5,5076.5
18,NIFTY27MAR2523650PE,65,SELL,86,26 Mar 2025 09:16:00,BUY,75.25,26 Mar 2025 09:16:33,698.75,5590,5590
18,NIFTY27MAR2523700CE,65,SELL,118.65,26 Mar 2025 09:25:00,BUY,24.6,26 Mar 2025 15:13:21,6113.25,7712.25,7712.25
18,NIFTY27MAR2523750PE,65,SELL,109.9,26 Mar 2025 09:25:00,BUY,119.1,26 Mar 2025 09:29:20,-598,7143.5,7143.5
19,NIFTY03APR2523850CE,65,SELL,82.1,28 Mar 2025 09:16:00,BUY,71.35,28 Mar 2025 09:23:23,698.75,5336.5,5336.5
19,NIFTY03APR2523450PE,65,SELL,81.8,28 Mar 2025 09:16:00,BUY,71.05,28 Mar 2025 10:33:09,698.75,5317,5317
19,NIFTY03APR2523700CE,65,SELL,114.3,28 Mar 2025 09:25:00,BUY,123.5,28 Mar 2025 10:33:03,-598,7429.5,7429.5
19,NIFTY03APR2523550PE,65,SELL,128.65,28 Mar 2025 09:25:00,BUY,137.85,28 Mar 2025 09:30:29,-598,8362.25,8362.25
20,NIFTY03APR2523500CE,65,SELL,83.05,01 Apr 2025 09:16:00,BUY,72.3,01 Apr 2025 09:20:34,698.75,5398.25,5398.25
20,NIFTY03APR2523350PE,65,SELL,75.6,01 Apr 2025 09:16:00,BUY,64.85,01 Apr 2025 09:27:36,698.75,4914,4914
20,NIFTY03APR2523450CE,65,SELL,105.8,01 Apr 2025 09:25:00,BUY,115,01 Apr 2025 09:27:17,-598,6877,6877
20,NIFTY03APR2523450PE,65,SELL,112.15,01 Apr 2025 09:25:00,BUY,121.35,01 Apr 2025 10:24:17,-598,7289.75,7289.75
21,NIFTY03APR2523250CE,65,SELL,81.9,02 Apr 2025 09:16:00,BUY,71.15,02 Apr 2025 09:52:56,698.75,5323.5,5323.5
21,NIFTY03APR2523150PE,65,SELL,70.45,02 Apr 2025 09:16:00,BUY,59.7,02 Apr 2025 09:28:11,698.75,4579.25,4579.25
21,NIFTY03APR2523150CE,65,SELL,133.2,02 Apr 2025 09:25:00,BUY,142.4,02 Apr 2025 09:26:06,-598,8658,8658
21,NIFTY03APR2523250PE,65,SELL,129.85,02 Apr 2025 09:25:00,BUY,44.9,02 Apr 2025 15:13:21,5521.75,8440.25,8440.25
22,NIFTY09APR2523300CE,65,SELL,81.9,04 Apr 2025 09:16:00,BUY,71.15,04 Apr 2025 09:18:36,698.75,5323.5,5323.5
22,NIFTY09APR2522900PE,65,SELL,84.95,04 Apr 2025 09:16:00,BUY,74.2,04 Apr 2025 09:34:48,698.75,5521.75,5521.75
22,NIFTY09APR2523100CE,65,SELL,117.85,04 Apr 2025 09:25:00,BUY,127.05,04 Apr 2025 09:26:24,-598,7660.25,7660.25
22,NIFTY09APR2522900PE,65,SELL,110.35,04 Apr 2025 09:25:00,BUY,119.55,04 Apr 2025 10:00:57,-598,7172.75,7172.75
23,NIFTY09APR2522650CE,65,SELL,73.35,07 Apr 2025 09:16:00,BUY,62.6,07 Apr 2025 09:16:04,698.75,4767.75,4767.75
23,NIFTY09APR2522400CE,65,SELL,118.4,07 Apr 2025 09:25:00,BUY,127.6,07 Apr 2025 09:26:35,-598,7696,7696
23,NIFTY09APR2521150PE,65,SELL,119.15,07 Apr 2025 09:25:00,BUY,128.35,07 Apr 2025 12:25:00,-598,7744.75,7744.75
24,NIFTY09APR2522800CE,65,SELL,72.2,08 Apr 2025 09:16:00,BUY,61.45,08 Apr 2025 09:16:17,698.75,4693,4693
24,NIFTY09APR2522150PE,65,SELL,82.75,08 Apr 2025 09:16:00,BUY,72,08 Apr 2025 09:16:38,698.75,5378.75,5378.75
24,NIFTY09APR2522600CE,65,SELL,127.05,08 Apr 2025 09:25:00,BUY,136.25,08 Apr 2025 09:26:01,-598,8258.25,8258.25
24,NIFTY09APR2522400PE,65,SELL,121.6,08 Apr 2025 09:25:00,BUY,130.8,08 Apr 2025 09:37:54,-598,7904,7904
25,NIFTY09APR2522550CE,65,SELL,81.3,09 Apr 2025 09:16:00,BUY,70.55,09 Apr 2025 09:16:11,698.75,5284.5,5284.5
25,NIFTY09APR2522200PE,65,SELL,81.75,09 Apr 2025 09:16:00,BUY,71,09 Apr 2025 09:16:04,698.75,5313.75,5313.75
25,NIFTY09APR2522400CE,65,SELL,106.5,09 Apr 2025 09:25:00,BUY,0.75,09 Apr 2025 15:13:21,6873.75,6922.5,6922.5
25,NIFTY09APR2522450PE,65,SELL,117.9,09 Apr 2025 09:25:00,BUY,127.1,09 Apr 2025 09:26:19,-598,7663.5,7663.5
26,NIFTY17APR2523200CE,65,SELL,80.4,11 Apr 2025 09:16:00,BUY,106.75,11 Apr 2025 15:13:21,-1712.75,5226,5226
26,NIFTY17APR2522200PE,65,SELL,79.55,11 Apr 2025 09:16:00,BUY,68.8,11 Apr 2025 09:17:47,698.75,5170.75,5170.75
26,NIFTY17APR2523100CE,65,SELL,125.95,11 Apr 2025 09:25:00,BUY,135.15,11 Apr 2025 09:36:10,-598,8186.75,8186.75
26,NIFTY17APR2522550PE,65,SELL,122.8,11 Apr 2025 09:25:00,BUY,132,11 Apr 2025 09:26:21,-598,7982,7982
27,NIFTY17APR2523500CE,65,SELL,79.8,15 Apr 2025 09:16:00,BUY,69.05,15 Apr 2025 09:16:50,698.75,5187,5187
27,NIFTY17APR2523050PE,65,SELL,74.1,15 Apr 2025 09:16:00,BUY,63.35,15 Apr 2025 09:20:24,698.75,4816.5,4816.5
27,NIFTY17APR2523350CE,65,SELL,123.65,15 Apr 2025 09:25:00,BUY,64.2,15 Apr 2025 15:13:21,3864.25,8037.25,8037.25
27,NIFTY17APR2523250PE,65,SELL,120.65,15 Apr 2025 09:25:00,BUY,81,15 Apr 2025 15:13:21,2577.25,7842.25,7842.25
28,NIFTY17APR2523250CE,65,SELL,76.8,16 Apr 2025 09:16:00,BUY,159.7,16 Apr 2025 15:13:21,-5388.5,4992,4992
28,NIFTY17APR2523300PE,65,SELL,90.55,16 Apr 2025 09:16:00,BUY,79.8,16 Apr 2025 09:21:17,698.75,5885.75,5885.75
28,NIFTY17APR2523200CE,65,SELL,113.95,16 Apr 2025 09:25:00,BUY,123.15,16 Apr 2025 09:27:16,-598,7406.75,7406.75
28,NIFTY17APR2523350PE,65,SELL,105.1,16 Apr 2025 09:25:00,BUY,114.3,16 Apr 2025 10:21:27,-598,6831.5,6831.5
29,NIFTY24APR2524150CE,65,SELL,84.5,21 Apr 2025 09:16:00,BUY,73.75,21 Apr 2025 09:22:50,698.75,5492.5,5492.5
29,NIFTY24APR2523750PE,65,SELL,84.85,21 Apr 2025 09:16:00,BUY,74.1,21 Apr 2025 09:39:24,698.75,5515.25,5515.25
29,NIFTY24APR2524050CE,65,SELL,121.75,21 Apr 2025 09:25:00,BUY,130.95,21 Apr 2025 09:36:15,-598,7913.75,7913.75
29,NIFTY24APR2523850PE,65,SELL,129.35,21 Apr 2025 09:25:00,BUY,138.55,21 Apr 2025 09:25:33,-598,8407.75,8407.75
30,NIFTY24APR2524200CE,65,SELL,81.85,22 Apr 2025 09:16:00,BUY,71.1,22 Apr 2025 09:19:38,698.75,5320.25,5320.25
30,NIFTY24APR2524050PE,65,SELL,71.2,22 Apr 2025 09:16:00,BUY,60.45,22 Apr 2025 09:35:57,698.75,4628,4628
30,NIFTY24APR2524100CE,65,SELL,128.95,22 Apr 2025 09:25:00,BUY,138.15,22 Apr 2025 09:26:13,-598,8381.75,8381.75
30,NIFTY24APR2524150PE,65,SELL,117.1,22 Apr 2025 09:25:00,BUY,85.9,22 Apr 2025 15:13:21,2028,7611.5,7611.5
31,NIFTY24APR2524300CE,65,SELL,76.75,23 Apr 2025 09:16:00,BUY,66,23 Apr 2025 10:05:13,698.75,4988.75,4988.75
31,NIFTY24APR2524250PE,65,SELL,69.1,23 Apr 2025 09:16:00,BUY,58.35,23 Apr 2025 09:17:51,698.75,4491.5,4491.5
31,NIFTY24APR2524300CE,65,SELL,112.65,23 Apr 2025 09:25:00,BUY,68.9,23 Apr 2025 15:13:21,2843.75,7322.25,7322.25
31,NIFTY24APR2524400PE,65,SELL,117,23 Apr 2025 09:25:00,BUY,126.2,23 Apr 2025 09:28:11,-598,7605,7605
32,NIFTY30APR2524600CE,65,SELL,81.4,25 Apr 2025 09:16:00,BUY,70.65,25 Apr 2025 09:21:56,698.75,5291,5291
32,NIFTY30APR2524050PE,65,SELL,79.3,25 Apr 2025 09:16:00,BUY,212.8,25 Apr 2025 10:03:11,-8677.5,5154.5,5154.5
32,NIFTY30APR2524450CE,65,SELL,118.9,25 Apr 2025 09:25:00,BUY,128.1,25 Apr 2025 09:27:17,-598,7728.5,7728.5
32,NIFTY30APR2524200PE,65,SELL,115.85,25 Apr 2025 09:25:00,BUY,125.05,25 Apr 2025 09:25:30,-598,7530.25,7530.25
33,NIFTY30APR2524300CE,65,SELL,72.25,28 Apr 2025 09:16:00,BUY,61.5,28 Apr 2025 09:16:36,698.75,4696.25,4696.25
33,NIFTY30APR2523950PE,65,SELL,82.75,28 Apr 2025 09:16:00,BUY,72,28 Apr 2025 09:18:00,698.75,5378.75,5378.75
33,NIFTY30APR2524150CE,65,SELL,115.4,28 Apr 2025 09:25:00,BUY,124.6,28 Apr 2025 09:25:17,-598,7501,7501
33,NIFTY30APR2524100PE,65,SELL,127.1,28 Apr 2025 09:25:00,BUY,43.9,28 Apr 2025 15:13:21,5408,8261.5,8261.5
34,NIFTY30APR2524450CE,65,SELL,74.55,29 Apr 2025 09:16:00,BUY,63.8,29 Apr 2025 09:16:12,698.75,4845.75,4845.75
34,NIFTY30APR2524400PE,65,SELL,76.25,29 Apr 2025 09:16:00,BUY,65.5,29 Apr 2025 09:22:39,698.75,4956.25,4956.25
34,NIFTY30APR2524400CE,65,SELL,113.6,29 Apr 2025 09:25:00,BUY,24.9,29 Apr 2025 15:13:21,5765.5,7384,7384
34,NIFTY30APR2524500PE,65,SELL,108.7,29 Apr 2025 09:25:00,BUY,117.9,29 Apr 2025 09:28:05,-598,7065.5,7065.5
35,NIFTY30APR2524200CE,65,SELL,90.55,30 Apr 2025 09:16:00,BUY,166.35,30 Apr 2025 15:13:21,-4927,5885.75,5885.75
35,NIFTY30APR2524300PE,65,SELL,63.85,30 Apr 2025 09:16:00,BUY,53.1,30 Apr 2025 09:16:02,698.75,4150.25,4150.25
35,NIFTY30APR2524200CE,65,SELL,116.5,30 Apr 2025 09:25:00,BUY,125.7,30 Apr 2025 09:29:30,-598,7572.5,7572.5
35,NIFTY30APR2524400PE,65,SELL,106.15,30 Apr 2025 09:25:00,BUY,115.35,30 Apr 2025 09:25:46,-598,6899.75,6899.75
36,NIFTY08MAY2524750CE,65,SELL,77.45,02 May 2025 09:16:00,BUY,66.7,02 May 2025 09:22:00,698.75,5034.25,5034.25
36,NIFTY08MAY2524000PE,65,SELL,82.25,02 May 2025 09:16:00,BUY,71.5,02 May 2025 09:24:23,698.75,5346.25,5346.25
36,NIFTY08MAY2524550CE,65,SELL,129.65,02 May 2025 09:25:00,BUY,138.85,02 May 2025 09:25:44,-598,8427.25,8427.25
36,NIFTY08MAY2524250PE,65,SELL,122.6,02 May 2025 09:25:00,BUY,131.8,02 May 2025 11:24:47,-598,7969,7969
37,NIFTY08MAY2524600CE,65,SELL,76,05 May 2025 09:16:00,BUY,65.25,05 May 2025 09:16:05,698.75,4940,4940
37,NIFTY08MAY2524300PE,65,SELL,84.15,05 May 2025 09:16:00,BUY,73.4,05 May 2025 09:27:08,698.75,5469.75,5469.75
37,NIFTY08MAY2524450CE,65,SELL,125.7,05 May 2025 09:25:00,BUY,134.9,05 May 2025 09:26:38,-598,8170.5,8170.5
37,NIFTY08MAY2524400PE,65,SELL,120.85,05 May 2025 09:25:00,BUY,130.05,05 May 2025 09:30:05,-598,7855.25,7855.25
38,NIFTY08MAY2524500CE,65,SELL,75.85,06 May 2025 09:16:00,BUY,65.1,06 May 2025 09:21:04,698.75,4930.25,4930.25
38,NIFTY08MAY2524400PE,65,SELL,74,06 May 2025 09:16:00,BUY,63.25,06 May 2025 09:33:34,698.75,4810,4810
38,NIFTY08MAY2524400CE,65,SELL,111.05,06 May 2025 09:25:00,BUY,120.25,06 May 2025 09:33:36,-598,7218.25,7218.25
38,NIFTY08MAY2524500PE,65,SELL,123.25,06 May 2025 09:25:00,BUY,132.45,06 May 2025 09:56:10,-598,8011.25,8011.25
39,NIFTY08MAY2524350CE,65,SELL,86.45,07 May 2025 09:16:00,BUY,75.7,07 May 2025 09:53:31,698.75,5619.25,5619.25
39,NIFTY08MAY2524300PE,65,SELL,86.55,07 May 2025 09:16:00,BUY,75.8,07 May 2025 09:16:05,698.75,5625.75,5625.75
39,NIFTY08MAY2524300CE,65,SELL,125.25,07 May 2025 09:25:00,BUY,134.45,07 May 2025 09:25:57,-598,8141.25,8141.25
39,NIFTY08MAY2524400PE,65,SELL,116.2,07 May 2025 09:25:00,BUY,125.4,07 May 2025 10:09:16,-598,7553,7553
40,NIFTY15MAY2524550CE,65,SELL,76.2,09 May 2025 09:16:00,BUY,65.45,09 May 2025 09:22:31,698.75,4953,4953
40,NIFTY15MAY2522750PE,65,SELL,79.4,09 May 2025 09:16:00,BUY,68.65,09 May 2025 09:21:09,698.75,5161,5161
40,NIFTY15MAY2524400CE,65,SELL,111.25,09 May 2025 09:25:00,BUY,120.45,09 May 2025 09:27:06,-598,7231.25,7231.25
40,NIFTY15MAY2523350PE,65,SELL,117.9,09 May 2025 09:25:00,BUY,127.1,09 May 2025 09:33:28,-598,7663.5,7663.5
41,NIFTY15MAY2524650CE,65,SELL,83.9,12 May 2025 09:16:00,BUY,249,12 May 2025 11:25:28,-10731.5,5453.5,5453.5
41,NIFTY15MAY2524350PE,65,SELL,79.95,12 May 2025 09:16:00,BUY,69.2,12 May 2025 09:16:04,698.75,5196.75,5196.75
41,NIFTY15MAY2524650CE,65,SELL,118.65,12 May 2025 09:25:00,BUY,127.85,12 May 2025 09:33:02,-598,7712.25,7712.25
41,NIFTY15MAY2524500PE,65,SELL,120.25,12 May 2025 09:25:00,BUY,97.25,12 May 2025 11:25:28,1495,7816.25,7816.25
42,NIFTY15MAY2525200CE,65,SELL,85.05,13 May 2025 09:16:00,BUY,74.3,13 May 2025 09:18:09,698.75,5528.25,5528.25
42,NIFTY15MAY2524650PE,65,SELL,84.3,13 May 2025 09:16:00,BUY,216.5,13 May 2025 10:31:16,-8593,5479.5,5479.5
42,NIFTY15MAY2524950CE,65,SELL,112.3,13 May 2025 09:25:00,BUY,121.5,13 May 2025 09:26:08,-598,7299.5,7299.5
42,NIFTY15MAY2524600PE,65,SELL,118.3,13 May 2025 09:25:00,BUY,127.5,13 May 2025 09:30:15,-598,7689.5,7689.5
43,NIFTY15MAY2524700CE,65,SELL,78.45,14 May 2025 09:16:00,BUY,67.7,14 May 2025 11:49:05,698.75,5099.25,5099.25
43,NIFTY15MAY2524500PE,65,SELL,86.2,14 May 2025 09:16:00,BUY,75.45,14 May 2025 09:16:37,698.75,5603,5603
43,NIFTY15MAY2524700CE,65,SELL,115.95,14 May 2025 09:25:00,BUY,125.15,14 May 2025 09:25:15,-598,7536.75,7536.75
43,NIFTY15MAY2524650PE,65,SELL,116.05,14 May 2025 09:25:00,BUY,125.25,14 May 2025 09:34:19,-598,7543.25,7543.25
44,NIFTY22MAY2525350CE,65,SELL,74.9,16 May 2025 09:16:00,BUY,64.15,16 May 2025 09:50:28,698.75,4868.5,4868.5
44,NIFTY22MAY2524650PE,65,SELL,78,16 May 2025 09:16:00,BUY,67.25,16 May 2025 09:29:45,698.75,5070,5070
44,NIFTY22MAY2525200CE,65,SELL,115.45,16 May 2025 09:25:00,BUY,124.65,16 May 2025 09:25:50,-598,7504.25,7504.25
44,NIFTY22MAY2524800PE,65,SELL,116,16 May 2025 09:25:00,BUY,90.9,16 May 2025 15:13:21,1631.5,7540,7540
45,NIFTY22MAY2525200CE,65,SELL,83,19 May 2025 09:16:00,BUY,72.25,19 May 2025 13:34:06,698.75,5395,5395
45,NIFTY22MAY2524700PE,65,SELL,76.75,19 May 2025 09:16:00,BUY,66,19 May 2025 09:18:47,698.75,4988.75,4988.75
45,NIFTY22MAY2525150CE,65,SELL,126.2,19 May 2025 09:25:00,BUY,74.9,19 May 2025 15:13:21,3334.5,8203,8203
45,NIFTY22MAY2524900PE,65,SELL,118.6,19 May 2025 09:25:00,BUY,127.8,19 May 2025 09:29:08,-598,7709,7709
46,NIFTY22MAY2525150CE,65,SELL,77.7,20 May 2025 09:16:00,BUY,66.95,20 May 2025 09:20:24,698.75,5050.5,5050.5
46,NIFTY22MAY2524850PE,65,SELL,79.3,20 May 2025 09:16:00,BUY,184.05,20 May 2025 15:13:21,-6808.75,5154.5,5154.5
46,NIFTY22MAY2525000CE,65,SELL,118.3,20 May 2025 09:25:00,BUY,41.15,20 May 2025 15:13:21,5014.75,7689.5,7689.5
46,NIFTY22MAY2524950PE,65,SELL,128.65,20 May 2025 09:25:00,BUY,137.85,20 May 2025 09:29:31,-598,8362.25,8362.25
47,NIFTY22MAY2524800CE,65,SELL,80.5,21 May 2025 09:16:00,BUY,103.35,21 May 2025 15:13:21,-1485.25,5232.5,5232.5
47,NIFTY22MAY2524700PE,65,SELL,87.95,21 May 2025 09:16:00,BUY,77.2,21 May 2025 09:38:15,698.75,5716.75,5716.75
47,NIFTY22MAY2524700CE,65,SELL,125.1,21 May 2025 09:25:00,BUY,134.3,21 May 2025 09:28:31,-598,8131.5,8131.5
47,NIFTY22MAY2524750PE,65,SELL,130.25,21 May 2025 09:25:00,BUY,139.45,21 May 2025 12:15:34,-598,8466.25,8466.25
48,NIFTY29MAY2525000CE,65,SELL,73.4,23 May 2025 09:16:00,BUY,62.65,23 May 2025 09:19:32,698.75,4771,4771
48,NIFTY29MAY2524350PE,65,SELL,80.2,23 May 2025 09:16:00,BUY,69.45,23 May 2025 09:22:10,698.75,5213,5213
48,NIFTY29MAY2524900CE,65,SELL,120.65,23 May 2025 09:25:00,BUY,129.85,23 May 2025 09:27:02,-598,7842.25,7842.25
48,NIFTY29MAY2524550PE,65,SELL,116.45,23 May 2025 09:25:00,BUY,89.15,23 May 2025 15:13:21,1774.5,7569.25,7569.25
49,NIFTY29MAY2525300CE,65,SELL,86.25,26 May 2025 09:16:00,BUY,91.9,26 May 2025 15:13:21,-367.25,5606.25,5606.25
49,NIFTY29MAY2524700PE,65,SELL,85.25,26 May 2025 09:16:00,BUY,74.5,26 May 2025 09:31:12,698.75,5541.25,5541.25
49,NIFTY29MAY2525250CE,65,SELL,113.5,26 May 2025 09:25:00,BUY,122.7,26 May 2025 09:26:22,-598,7377.5,7377.5
49,NIFTY29MAY2524850PE,65,SELL,125.65,26 May 2025 09:25:00,BUY,134.85,26 May 2025 10:26:23,-598,8167.25,8167.25
50,NIFTY29MAY2525300CE,65,SELL,76,27 May 2025 09:16:00,BUY,65.25,27 May 2025 09:18:51,698.75,4940,4940
50,NIFTY29MAY2524550PE,65,SELL,75.85,27 May 2025 09:16:00,BUY,65.1,27 May 2025 11:05:11,698.75,4930.25,4930.25
50,NIFTY29MAY2525050CE,65,SELL,117.95,27 May 2025 09:25:00,BUY,127.15,27 May 2025 09:32:12,-598,7666.75,7666.75
50,NIFTY29MAY2524600PE,65,SELL,127.6,27 May 2025 09:25:00,BUY,136.8,27 May 2025 09:58:06,-598,8294,8294
51,NIFTY29MAY2525150CE,65,SELL,78.65,28 May 2025 09:16:00,BUY,67.9,28 May 2025 09:27:38,698.75,5112.25,5112.25
51,NIFTY29MAY2524550PE,65,SELL,85.45,28 May 2025 09:16:00,BUY,74.7,28 May 2025 09:20:37,698.75,5554.25,5554.25
51,NIFTY29MAY2525000CE,65,SELL,118.5,28 May 2025 09:25:00,BUY,40.8,28 May 2025 15:13:21,5050.5,7702.5,7702.5
51,NIFTY29MAY2524650PE,65,SELL,113.4,28 May 2025 09:25:00,BUY,122.6,28 May 2025 09:25:12,-598,7371,7371
52,NIFTY05JUN2525150CE,65,SELL,84.7,30 May 2025 09:16:00,BUY,73.95,30 May 2025 11:40:30,698.75,5505.5,5505.5
52,NIFTY05JUN2524500PE,65,SELL,75.25,30 May 2025 09:16:00,BUY,88.05,30 May 2025 15:13:21,-832,4891.25,4891.25
52,NIFTY05JUN2525100CE,65,SELL,126.75,30 May 2025 09:25:00,BUY,87.1,30 May 2025 15:13:21,2577.25,8238.75,8238.75
52,NIFTY05JUN2524700PE,65,SELL,126.6,30 May 2025 09:25:00,BUY,135.8,30 May 2025 09:30:24,-598,8229,8229
53,NIFTY05JUN2525000CE,65,SELL,74.15,02 Jun 2025 09:16:00,BUY,63.4,02 Jun 2025 09:19:12,698.75,4819.75,4819.75
53,NIFTY05JUN2524250PE,65,SELL,84.8,02 Jun 2025 09:16:00,BUY,74.05,02 Jun 2025 09:30:52,698.75,5512,5512
53,NIFTY05JUN2524750CE,65,SELL,118.8,02 Jun 2025 09:25:00,BUY,128,02 Jun 2025 10:00:48,-598,7722,7722
53,NIFTY05JUN2524350PE,65,SELL,119.9,02 Jun 2025 09:25:00,BUY,75.65,02 Jun 2025 15:13:21,2876.25,7793.5,7793.5
54,NIFTY05JUN2525150CE,65,SELL,75.7,03 Jun 2025 09:16:00,BUY,64.95,03 Jun 2025 09:18:56,698.75,4920.5,4920.5
54,NIFTY05JUN2524500PE,65,SELL,84.6,03 Jun 2025 09:16:00,BUY,73.85,03 Jun 2025 14:38:00,698.75,5499,5499
54,NIFTY05JUN2524900CE,65,SELL,124.5,03 Jun 2025 09:25:00,BUY,133.7,03 Jun 2025 09:29:01,-598,8092.5,8092.5
54,NIFTY05JUN2524500PE,65,SELL,126.85,03 Jun 2025 09:25:00,BUY,136.05,03 Jun 2025 09:30:00,-598,8245.25,8245.25
55,NIFTY05JUN2524750CE,65,SELL,75.2,04 Jun 2025 09:16:00,BUY,64.45,04 Jun 2025 09:16:39,698.75,4888,4888
55,NIFTY05JUN2524450PE,65,SELL,71.2,04 Jun 2025 09:16:00,BUY,60.45,04 Jun 2025 09:17:57,698.75,4628,4628
55,NIFTY05JUN2524550CE,65,SELL,127.65,04 Jun 2025 09:25:00,BUY,136.85,04 Jun 2025 09:26:43,-598,8297.25,8297.25
55,NIFTY05JUN2524600PE,65,SELL,115.55,04 Jun 2025 09:25:00,BUY,124.75,04 Jun 2025 09:35:14,-598,7510.75,7510.75
56,NIFTY12JUN2525050CE,65,SELL,72.8,06 Jun 2025 09:16:00,BUY,62.05,06 Jun 2025 09:29:35,698.75,4732,4732
56,NIFTY12JUN2524450PE,65,SELL,76.45,06 Jun 2025 09:16:00,BUY,65.7,06 Jun 2025 09:18:23,698.75,4969.25,4969.25
56,NIFTY12JUN2524900CE,65,SELL,113.9,06 Jun 2025 09:25:00,BUY,123.1,06 Jun 2025 10:06:17,-598,7403.5,7403.5
56,NIFTY12JUN2524650PE,65,SELL,128.5,06 Jun 2025 09:25:00,BUY,137.7,06 Jun 2025 09:34:08,-598,8352.5,8352.5
57,NIFTY12JUN2525300CE,65,SELL,80.8,09 Jun 2025 09:16:00,BUY,70.05,09 Jun 2025 09:31:49,698.75,5252,5252
57,NIFTY12JUN2524900PE,65,SELL,76.95,09 Jun 2025 09:16:00,BUY,66.2,09 Jun 2025 10:27:25,698.75,5001.75,5001.75
57,NIFTY12JUN2525150CE,65,SELL,129.15,09 Jun 2025 09:25:00,BUY,138.35,09 Jun 2025 09:25:53,-598,8394.75,8394.75
57,NIFTY12JUN2525050PE,65,SELL,129.75,09 Jun 2025 09:25:00,BUY,138.95,09 Jun 2025 09:30:06,-598,8433.75,8433.75
58,NIFTY12JUN2525250CE,65,SELL,79.05,10 Jun 2025 09:16:00,BUY,68.3,10 Jun 2025 09:19:42,698.75,5138.25,5138.25
58,NIFTY12JUN2525050PE,65,SELL,83.15,10 Jun 2025 09:16:00,BUY,72.4,10 Jun 2025 09:25:07,698.75,5404.75,5404.75
58,NIFTY12JUN2525100CE,65,SELL,130.8,10 Jun 2025 09:25:00,BUY,140,10 Jun 2025 10:04:20,-598,8502,8502
58,NIFTY12JUN2525150PE,65,SELL,115.85,10 Jun 2025 09:25:00,BUY,125.05,10 Jun 2025 09:29:13,-598,7530.25,7530.25
59,NIFTY12JUN2525100CE,65,SELL,73,11 Jun 2025 09:16:00,BUY,96.25,11 Jun 2025 15:13:21,-1511.25,4745,4745
59,NIFTY12JUN2525100PE,65,SELL,84.75,11 Jun 2025 09:16:00,BUY,74,11 Jun 2025 09:17:47,698.75,5508.75,5508.75
59,NIFTY12JUN2525050CE,65,SELL,107.95,11 Jun 2025 09:25:00,BUY,117.15,11 Jun 2025 09:26:10,-598,7016.75,7016.75
59,NIFTY12JUN2525150PE,65,SELL,105.35,11 Jun 2025 09:25:00,BUY,77.1,11 Jun 2025 15:13:21,1836.25,6847.75,6847.75
60,NIFTY19JUN2524900CE,65,SELL,79.6,13 Jun 2025 09:16:00,BUY,84.1,13 Jun 2025 15:13:21,-292.5,5174,5174
60,NIFTY19JUN2524100PE,65,SELL,77.05,13 Jun 2025 09:16:00,BUY,66.3,13 Jun 2025 09:17:02,698.75,5008.25,5008.25
60,NIFTY19JUN2524850CE,65,SELL,111.75,13 Jun 2025 09:25:00,BUY,120.95,13 Jun 2025 12:17:15,-598,7263.75,7263.75
60,NIFTY19JUN2524400PE,65,SELL,116.75,13 Jun 2025 09:25:00,BUY,125.95,13 Jun 2025 09:35:36,-598,7588.75,7588.75
61,NIFTY19JUN2524950CE,65,SELL,74.6,16 Jun 2025 09:16:00,BUY,63.85,16 Jun 2025 09:40:10,698.75,4849,4849
61,NIFTY19JUN2524550PE,65,SELL,74.9,16 Jun 2025 09:16:00,BUY,64.15,16 Jun 2025 09:26:50,698.75,4868.5,4868.5
61,NIFTY19JUN2524850CE,65,SELL,124.55,16 Jun 2025 09:25:00,BUY,133.75,16 Jun 2025 09:27:18,-598,8095.75,8095.75
61,NIFTY19JUN2524750PE,65,SELL,126,16 Jun 2025 09:25:00,BUY,135.2,16 Jun 2025 09:46:05,-598,8190,8190
62,NIFTY19JUN2525050CE,65,SELL,72.6,17 Jun 2025 09:16:00,BUY,61.85,17 Jun 2025 09:21:55,698.75,4719,4719
62,NIFTY19JUN2524800PE,65,SELL,80.2,17 Jun 2025 09:16:00,BUY,69.45,17 Jun 2025 10:37:01,698.75,5213,5213
62,NIFTY19JUN2524900CE,65,SELL,120.25,17 Jun 2025 09:25:00,BUY,76.45,17 Jun 2025 15:13:21,2847,7816.25,7816.25
62,NIFTY19JUN2524850PE,65,SELL,113.85,17 Jun 2025 09:25:00,BUY,123.05,17 Jun 2025 09:30:45,-598,7400.25,7400.25
63,NIFTY19JUN2524850CE,65,SELL,73,18 Jun 2025 09:16:00,BUY,62.25,18 Jun 2025 11:32:10,698.75,4745,4745
63,NIFTY19JUN2524750PE,65,SELL,76.2,18 Jun 2025 09:16:00,BUY,65.45,18 Jun 2025 09:18:34,698.75,4953,4953
63,NIFTY19JUN2524850CE,65,SELL,114.4,18 Jun 2025 09:25:00,BUY,123.6,18 Jun 2025 09:26:01,-598,7436,7436
63,NIFTY19JUN2524900PE,65,SELL,112.2,18 Jun 2025 09:25:00,BUY,121.4,18 Jun 2025 10:52:22,-598,7293,7293
64,NIFTY26JUN2525100CE,65,SELL,80.05,20 Jun 2025 09:16:00,BUY,69.3,20 Jun 2025 09:21:48,698.75,5203.25,5203.25
64,NIFTY26JUN2524600PE,65,SELL,77.05,20 Jun 2025 09:16:00,BUY,66.3,20 Jun 2025 09:42:28,698.75,5008.25,5008.25
64,NIFTY26JUN2524950CE,65,SELL,121.9,20 Jun 2025 09:25:00,BUY,131.1,20 Jun 2025 09:45:01,-598,7923.5,7923.5
64,NIFTY26JUN2524750PE,65,SELL,117.35,20 Jun 2025 09:25:00,BUY,126.55,20 Jun 2025 09:27:03,-598,7627.75,7627.75
65,NIFTY26JUN2525150CE,65,SELL,74.55,23 Jun 2025 09:16:00,BUY,63.8,23 Jun 2025 09:17:42,698.75,4845.75,4845.75
65,NIFTY26JUN2524800PE,65,SELL,85,23 Jun 2025 09:16:00,BUY,74.25,23 Jun 2025 13:20:23,698.75,5525,5525
65,NIFTY26JUN2525000CE,65,SELL,108.75,23 Jun 2025 09:25:00,BUY,117.95,23 Jun 2025 11:25:46,-598,7068.75,7068.75
65,NIFTY26JUN2524850PE,65,SELL,110.6,23 Jun 2025 09:25:00,BUY,119.8,23 Jun 2025 09:26:02,-598,7189,7189
66,NIFTY26JUN2525350CE,65,SELL,71.9,24 Jun 2025 09:16:00,BUY,61.15,24 Jun 2025 09:26:17,698.75,4673.5,4673.5
66,NIFTY26JUN2525150PE,65,SELL,80.6,24 Jun 2025 09:16:00,BUY,69.85,24 Jun 2025 11:07:02,698.75,5239,5239
66,NIFTY26JUN2525250CE,65,SELL,114.9,24 Jun 2025 09:25:00,BUY,124.1,24 Jun 2025 10:11:05,-598,7468.5,7468.5
66,NIFTY26JUN2525250PE,65,SELL,115.8,24 Jun 2025 09:25:00,BUY,125,24 Jun 2025 09:26:09,-598,7527,7527
67,NIFTY26JUN2525200CE,65,SELL,68.8,25 Jun 2025 09:16:00,BUY,95.2,25 Jun 2025 15:13:21,-1716,4472,4472
67,NIFTY26JUN2525150PE,65,SELL,90.6,25 Jun 2025 09:16:00,BUY,79.85,25 Jun 2025 09:21:00,698.75,5889,5889
67,NIFTY26JUN2525100CE,65,SELL,124.4,25 Jun 2025 09:25:00,BUY,133.6,25 Jun 2025 09:25:30,-598,8086,8086
67,NIFTY26JUN2525200PE,65,SELL,108.05,25 Jun 2025 09:25:00,BUY,52.75,25 Jun 2025 15:13:21,3594.5,7023.25,7023.25
68,NIFTY03JUL2525850CE,65,SELL,75.6,27 Jun 2025 09:16:00,BUY,64.85,27 Jun 2025 09:18:05,698.75,4914,4914
68,NIFTY03JUL2525400PE,65,SELL,80.25,27 Jun 2025 09:16:00,BUY,69.5,27 Jun 2025 11:15:57,698.75,5216.25,5216.25
68,NIFTY03JUL2525700CE,65,SELL,119.15,27 Jun 2025 09:25:00,BUY,128.35,27 Jun 2025 12:18:34,-598,7744.75,7744.75
68,NIFTY03JUL2525500PE,65,SELL,117.5,27 Jun 2025 09:25:00,BUY,126.7,27 Jun 2025 09:27:46,-598,7637.5,7637.5
69,NIFTY03JUL2525750CE,65,SELL,88.35,30 Jun 2025 09:16:00,BUY,77.6,30 Jun 2025 09:33:39,698.75,5742.75,5742.75
69,NIFTY03JUL2525550PE,65,SELL,85.25,30 Jun 2025 09:16:00,BUY,137.7,30 Jun 2025 15:13:21,-3409.25,5541.25,5541.25
69,NIFTY03JUL2525700CE,65,SELL,115.7,30 Jun 2025 09:25:00,BUY,62.5,30 Jun 2025 15:13:21,3458,7520.5,7520.5
69,NIFTY03JUL2525650PE,65,SELL,130.85,30 Jun 2025 09:25:00,BUY,140.05,30 Jun 2025 09:30:37,-598,8505.25,8505.25
70,NIFTY03JUL2525600CE,65,SELL,86.45,01 Jul 2025 09:16:00,BUY,75.7,01 Jul 2025 11:01:04,698.75,5619.25,5619.25
70,NIFTY03JUL2525400PE,65,SELL,73.15,01 Jul 2025 09:16:00,BUY,62.4,01 Jul 2025 09:21:47,698.75,4754.75,4754.75
70,NIFTY03JUL2525550CE,65,SELL,122.6,01 Jul 2025 09:25:00,BUY,131.8,01 Jul 2025 09:27:57,-598,7969,7969
70,NIFTY03JUL2525550PE,65,SELL,117.8,01 Jul 2025 09:25:00,BUY,90.7,01 Jul 2025 15:13:21,1761.5,7657,7657
71,NIFTY03JUL2525600CE,65,SELL,75.5,02 Jul 2025 09:16:00,BUY,64.75,02 Jul 2025 09:31:28,698.75,4907.5,4907.5
71,NIFTY03JUL2525600PE,65,SELL,88.2,02 Jul 2025 09:16:00,BUY,77.45,02 Jul 2025 09:22:15,698.75,5733,5733
71,NIFTY03JUL2525550CE,65,SELL,105.05,02 Jul 2025 09:25:00,BUY,34.55,02 Jul 2025 15:13:21,4582.5,6828.25,6828.25
71,NIFTY03JUL2525650PE,65,SELL,105.75,02 Jul 2025 09:25:00,BUY,114.95,02 Jul 2025 09:26:12,-598,6873.75,6873.75
72,NIFTY10JUL2525650CE,65,SELL,73.15,04 Jul 2025 09:16:00,BUY,62.4,04 Jul 2025 09:23:06,698.75,4754.75,4754.75
72,NIFTY10JUL2525250PE,65,SELL,80.75,04 Jul 2025 09:16:00,BUY,70,04 Jul 2025 09:27:18,698.75,5248.75,5248.75
72,NIFTY10JUL2525500CE,65,SELL,115.8,04 Jul 2025 09:25:00,BUY,125,04 Jul 2025 09:26:39,-598,7527,7527
72,NIFTY10JUL2525350PE,65,SELL,111.75,04 Jul 2025 09:25:00,BUY,120.95,04 Jul 2025 09:36:52,-598,7263.75,7263.75
73,NIFTY10JUL2525550CE,65,SELL,70.75,07 Jul 2025 09:16:00,BUY,76.95,07 Jul 2025 15:13:21,-403,4598.75,4598.75
73,NIFTY10JUL2525300PE,65,SELL,77.45,07 Jul 2025 09:16:00,BUY,66.7,07 Jul 2025 09:19:51,698.75,5034.25,5034.25
73,NIFTY10JUL2525450CE,65,SELL,126.8,07 Jul 2025 09:25:00,BUY,136,07 Jul 2025 09:33:36,-598,8242,8242
73,NIFTY10JUL2525450PE,65,SELL,117.4,07 Jul 2025 09:25:00,BUY,126.6,07 Jul 2025 12:15:13,-598,7631,7631
74,NIFTY10JUL2525500CE,65,SELL,87.9,08 Jul 2025 09:16:00,BUY,77.15,08 Jul 2025 10:00:33,698.75,5713.5,5713.5
74,NIFTY10JUL2525400PE,65,SELL,85.2,08 Jul 2025 09:16:00,BUY,74.45,08 Jul 2025 09:21:44,698.75,5538,5538
74,NIFTY10JUL2525450CE,65,SELL,127.15,08 Jul 2025 09:25:00,BUY,136.35,08 Jul 2025 15:06:00,-598,8264.75,8264.75
74,NIFTY10JUL2525500PE,65,SELL,108.35,08 Jul 2025 09:25:00,BUY,117.55,08 Jul 2025 10:00:11,-598,7042.75,7042.75
75,NIFTY10JUL2525500CE,65,SELL,87.25,09 Jul 2025 09:16:00,BUY,76.5,09 Jul 2025 09:20:10,698.75,5671.25,5671.25
75,NIFTY10JUL2525550PE,65,SELL,90.85,09 Jul 2025 09:16:00,BUY,80.1,09 Jul 2025 09:58:47,698.75,5905.25,5905.25
75,NIFTY10JUL2525400CE,65,SELL,136.75,09 Jul 2025 09:25:00,BUY,145.95,09 Jul 2025 09:56:45,-598,8888.75,8888.75
75,NIFTY10JUL2525600PE,65,SELL,133.45,09 Jul 2025 09:25:00,BUY,142.65,09 Jul 2025 14:34:46,-598,8674.25,8674.25
76,NIFTY17JUL2525400CE,65,SELL,82.45,11 Jul 2025 09:16:00,BUY,71.7,11 Jul 2025 10:14:12,698.75,5359.25,5359.25
76,NIFTY17JUL2525150PE,65,SELL,77.2,11 Jul 2025 09:16:00,BUY,66.45,11 Jul 2025 09:21:03,698.75,5018,5018
76,NIFTY17JUL2525350CE,65,SELL,110.25,11 Jul 2025 09:25:00,BUY,119.45,11 Jul 2025 09:25:34,-598,7166.25,7166.25
76,NIFTY17JUL2525300PE,65,SELL,119.85,11 Jul 2025 09:25:00,BUY,129.05,11 Jul 2025 10:01:07,-598,7790.25,7790.25
77,NIFTY17JUL2525200CE,65,SELL,85.5,14 Jul 2025 09:16:00,BUY,74.75,14 Jul 2025 09:20:16,698.75,5557.5,5557.5
77,NIFTY17JUL2525050PE,65,SELL,80.3,14 Jul 2025 09:16:00,BUY,69.55,14 Jul 2025 10:21:39,698.75,5219.5,5219.5
77,NIFTY17JUL2525050CE,65,SELL,129.05,14 Jul 2025 09:25:00,BUY,138.25,14 Jul 2025 09:41:02,-598,8388.25,8388.25
77,NIFTY17JUL2525100PE,65,SELL,132.15,14 Jul 2025 09:25:00,BUY,141.35,14 Jul 2025 13:08:08,-598,8589.75,8589.75
78,NIFTY17JUL2525200CE,65,SELL,78,15 Jul 2025 09:16:00,BUY,67.25,15 Jul 2025 09:31:36,698.75,5070,5070
78,NIFTY17JUL2525150PE,65,SELL,86.3,15 Jul 2025 09:16:00,BUY,75.55,15 Jul 2025 10:38:26,698.75,5609.5,5609.5
78,NIFTY17JUL2525100CE,65,SELL,130.75,15 Jul 2025 09:25:00,BUY,139.95,15 Jul 2025 10:51:43,-598,8498.75,8498.75
78,NIFTY17JUL2525200PE,65,SELL,107.25,15 Jul 2025 09:25:00,BUY,116.45,15 Jul 2025 09:26:37,-598,6971.25,6971.25
79,NIFTY17JUL2525150CE,65,SELL,82.05,16 Jul 2025 09:16:00,BUY,71.3,16 Jul 2025 09:20:09,698.75,5333.25,5333.25
79,NIFTY17JUL2525200PE,65,SELL,73.75,16 Jul 2025 09:16:00,BUY,63,16 Jul 2025 11:54:01,698.75,4793.75,4793.75
79,NIFTY17JUL2525050CE,65,SELL,129.85,16 Jul 2025 09:25:00,BUY,139.05,16 Jul 2025 09:31:18,-598,8440.25,8440.25
79,NIFTY17JUL2525250PE,65,SELL,133.3,16 Jul 2025 09:25:00,BUY,142.5,16 Jul 2025 10:46:42,-598,8664.5,8664.5
80,NIFTY24JUL2525250CE,65,SELL,77.3,18 Jul 2025 09:16:00,BUY,66.55,18 Jul 2025 09:25:51,698.75,5024.5,5024.5
80,NIFTY24JUL2525050PE,65,SELL,87.5,18 Jul 2025 09:16:00,BUY,142.9,18 Jul 2025 15:13:21,-3601,5687.5,5687.5
80,NIFTY24JUL2525100CE,65,SELL,131.9,18 Jul 2025 09:25:00,BUY,86.75,18 Jul 2025 15:13:21,2934.75,8573.5,8573.5
80,NIFTY24JUL2525100PE,65,SELL,121.25,18 Jul 2025 09:25:00,BUY,130.45,18 Jul 2025 09:43:04,-598,7881.25,7881.25
81,NIFTY24JUL2525050CE,65,SELL,81.15,21 Jul 2025 09:16:00,BUY,70.4,21 Jul 2025 09:21:03,698.75,5274.75,5274.75
81,NIFTY24JUL2524900PE,65,SELL,80.4,21 Jul 2025 09:16:00,BUY,69.65,21 Jul 2025 09:18:32,698.75,5226,5226
81,NIFTY24JUL2524900CE,65,SELL,131.45,21 Jul 2025 09:25:00,BUY,140.65,21 Jul 2025 09:43:23,-598,8544.25,8544.25
81,NIFTY24JUL2524950PE,65,SELL,114.75,21 Jul 2025 09:25:00,BUY,123.95,21 Jul 2025 09:25:20,-598,7458.75,7458.75
82,NIFTY24JUL2525150CE,65,SELL,90.9,22 Jul 2025 09:16:00,BUY,80.15,22 Jul 2025 09:19:15,698.75,5908.5,5908.5
82,NIFTY24JUL2525150PE,65,SELL,77.75,22 Jul 2025 09:16:00,BUY,116.15,22 Jul 2025 15:13:21,-2496,5053.75,5053.75
82,NIFTY24JUL2525100CE,65,SELL,109.3,22 Jul 2025 09:25:00,BUY,56.6,22 Jul 2025 15:13:21,3425.5,7104.5,7104.5
82,NIFTY24JUL2525200PE,65,SELL,111.15,22 Jul 2025 09:25:00,BUY,120.35,22 Jul 2025 09:26:02,-598,7224.75,7224.75
83,NIFTY24JUL2525100CE,65,SELL,80.45,23 Jul 2025 09:16:00,BUY,69.7,23 Jul 2025 09:41:14,698.75,5229.25,5229.25
83,NIFTY24JUL2525150PE,65,SELL,69.2,23 Jul 2025 09:16:00,BUY,58.45,23 Jul 2025 11:03:30,698.75,4498,4498
83,NIFTY24JUL2525050CE,65,SELL,113.15,23 Jul 2025 09:25:00,BUY,122.35,23 Jul 2025 11:03:15,-598,7354.75,7354.75
83,NIFTY24JUL2525200PE,65,SELL,104.05,23 Jul 2025 09:25:00,BUY,113.25,23 Jul 2025 09:32:20,-598,6763.25,6763.25
84,NIFTY31JUL2525050CE,65,SELL,88.05,25 Jul 2025 09:16:00,BUY,77.3,25 Jul 2025 09:22:04,698.75,5723.25,5723.25
84,NIFTY31JUL2524850PE,65,SELL,75.05,25 Jul 2025 09:16:00,BUY,64.3,25 Jul 2025 09:29:40,698.75,4878.25,4878.25
84,NIFTY31JUL2524950CE,65,SELL,122.75,25 Jul 2025 09:25:00,BUY,131.95,25 Jul 2025 09:28:04,-598,7978.75,7978.75
84,NIFTY31JUL2524950PE,65,SELL,126.3,25 Jul 2025 09:25:00,BUY,135.5,25 Jul 2025 09:47:50,-598,8209.5,8209.5
85,NIFTY31JUL2524850CE,65,SELL,81.4,28 Jul 2025 09:16:00,BUY,70.65,28 Jul 2025 12:50:21,698.75,5291,5291
85,NIFTY31JUL2524700PE,65,SELL,86.8,28 Jul 2025 09:16:00,BUY,76.05,28 Jul 2025 09:19:23,698.75,5642,5642
85,NIFTY31JUL2524800CE,65,SELL,114.85,28 Jul 2025 09:25:00,BUY,124.05,28 Jul 2025 09:31:00,-598,7465.25,7465.25
85,NIFTY31JUL2524800PE,65,SELL,114.8,28 Jul 2025 09:25:00,BUY,124,28 Jul 2025 12:49:39,-598,7462,7462
86,NIFTY31JUL2524700CE,65,SELL,87.6,29 Jul 2025 09:16:00,BUY,76.85,29 Jul 2025 10:28:13,698.75,5694,5694
86,NIFTY31JUL2524600PE,65,SELL,75.45,29 Jul 2025 09:16:00,BUY,64.7,29 Jul 2025 09:18:21,698.75,4904.25,4904.25
86,NIFTY31JUL2524650CE,65,SELL,121.05,29 Jul 2025 09:25:00,BUY,130.25,29 Jul 2025 09:26:12,-598,7868.25,7868.25
86,NIFTY31JUL2524700PE,65,SELL,107.9,29 Jul 2025 09:25:00,BUY,117.1,29 Jul 2025 10:27:40,-598,7013.5,7013.5
87,NIFTY31JUL2524800CE,65,SELL,85.35,30 Jul 2025 09:16:00,BUY,74.6,30 Jul 2025 10:28:55,698.75,5547.75,5547.75
87,NIFTY31JUL2524850PE,65,SELL,88.05,30 Jul 2025 09:16:00,BUY,77.3,30 Jul 2025 09:17:31,698.75,5723.25,5723.25
87,NIFTY31JUL2524750CE,65,SELL,119,30 Jul 2025 09:25:00,BUY,128.2,30 Jul 2025 09:30:27,-598,7735,7735
87,NIFTY31JUL2524900PE,65,SELL,114.75,30 Jul 2025 09:25:00,BUY,123.95,30 Jul 2025 09:53:02,-598,7458.75,7458.75
88,NIFTY07AUG2524900CE,65,SELL,76,01 Aug 2025 09:16:00,BUY,65.25,01 Aug 2025 11:39:32,698.75,4940,4940
88,NIFTY07AUG2524550PE,65,SELL,83.8,01 Aug 2025 09:16:00,BUY,73.05,01 Aug 2025 10:11:04,698.75,5447,5447
88,NIFTY07AUG2524800CE,65,SELL,111,01 Aug 2025 09:25:00,BUY,120.2,01 Aug 2025 09:33:39,-598,7215,7215
88,NIFTY07AUG2524650PE,65,SELL,120.15,01 Aug 2025 09:25:00,BUY,129.35,01 Aug 2025 09:25:58,-598,7809.75,7809.75
89,NIFTY07AUG2524750CE,65,SELL,83.75,04 Aug 2025 09:16:00,BUY,73,04 Aug 2025 09:47:01,698.75,5443.75,5443.75
89,NIFTY07AUG2524500PE,65,SELL,84.15,04 Aug 2025 09:16:00,BUY,73.4,04 Aug 2025 09:23:20,698.75,5469.75,5469.75
89,NIFTY07AUG2524700CE,65,SELL,114.85,04 Aug 2025 09:25:00,BUY,124.05,04 Aug 2025 09:28:54,-598,7465.25,7465.25
89,NIFTY07AUG2524650PE,65,SELL,130.5,04 Aug 2025 09:25:00,BUY,139.7,04 Aug 2025 09:43:10,-598,8482.5,8482.5
90,NIFTY07AUG2524800CE,65,SELL,69.05,05 Aug 2025 09:16:00,BUY,58.3,05 Aug 2025 09:21:04,698.75,4488.25,4488.25
90,NIFTY07AUG2524650PE,65,SELL,81.75,05 Aug 2025 09:16:00,BUY,85.85,05 Aug 2025 15:13:21,-266.5,5313.75,5313.75
90,NIFTY07AUG2524650CE,65,SELL,126,05 Aug 2025 09:25:00,BUY,96.3,05 Aug 2025 15:13:21,1930.5,8190,8190
90,NIFTY07AUG2524700PE,65,SELL,112.9,05 Aug 2025 09:25:00,BUY,122.1,05 Aug 2025 09:33:15,-598,7338.5,7338.5
91,NIFTY07AUG2524650CE,65,SELL,82.35,06 Aug 2025 09:16:00,BUY,71.6,06 Aug 2025 10:03:41,698.75,5352.75,5352.75
91,NIFTY07AUG2524650PE,65,SELL,89.7,06 Aug 2025 09:16:00,BUY,78.95,06 Aug 2025 09:18:36,698.75,5830.5,5830.5
91,NIFTY07AUG2524600CE,65,SELL,130.1,06 Aug 2025 09:25:00,BUY,61.9,06 Aug 2025 15:13:21,4433,8456.5,8456.5
91,NIFTY07AUG2524700PE,65,SELL,106.25,06 Aug 2025 09:25:00,BUY,115.45,06 Aug 2025 09:33:51,-598,6906.25,6906.25
92,NIFTY14AUG2524700CE,65,SELL,85.25,08 Aug 2025 09:16:00,BUY,74.5,08 Aug 2025 09:28:05,698.75,5541.25,5541.25
92,NIFTY14AUG2524500PE,65,SELL,86.45,08 Aug 2025 09:16:00,BUY,208.65,08 Aug 2025 15:13:21,-7943,5619.25,5619.25
92,NIFTY14AUG2524600CE,65,SELL,123.95,08 Aug 2025 09:25:00,BUY,54,08 Aug 2025 15:13:21,4546.75,8056.75,8056.75
92,NIFTY14AUG2524550PE,65,SELL,115.25,08 Aug 2025 09:25:00,BUY,124.45,08 Aug 2025 09:28:09,-598,7491.25,7491.25
93,NIFTY14AUG2524500CE,65,SELL,75.15,11 Aug 2025 09:16:00,BUY,156,11 Aug 2025 15:13:21,-5255.25,4884.75,4884.75
93,NIFTY14AUG2524300PE,65,SELL,88.05,11 Aug 2025 09:16:00,BUY,77.3,11 Aug 2025 09:18:10,698.75,5723.25,5723.25
93,NIFTY14AUG2524450CE,65,SELL,113.75,11 Aug 2025 09:25:00,BUY,122.95,11 Aug 2025 09:35:14,-598,7393.75,7393.75
93,NIFTY14AUG2524400PE,65,SELL,108,11 Aug 2025 09:25:00,BUY,117.2,11 Aug 2025 09:30:45,-598,7020,7020
94,NIFTY14AUG2524600CE,65,SELL,77.25,12 Aug 2025 09:16:00,BUY,66.5,12 Aug 2025 14:10:06,698.75,5021.25,5021.25
94,NIFTY14AUG2524500PE,65,SELL,70.05,12 Aug 2025 09:16:00,BUY,59.3,12 Aug 2025 09:18:52,698.75,4553.25,4553.25
94,NIFTY14AUG2524550CE,65,SELL,134.35,12 Aug 2025 09:25:00,BUY,143.55,12 Aug 2025 09:25:31,-598,8732.75,8732.75
94,NIFTY14AUG2524650PE,65,SELL,109.2,12 Aug 2025 09:25:00,BUY,118.4,12 Aug 2025 10:31:29,-598,7098,7098
95,NIFTY14AUG2524600CE,65,SELL,72.75,13 Aug 2025 09:16:00,BUY,62,13 Aug 2025 09:32:39,698.75,4728.75,4728.75
95,NIFTY14AUG2524600PE,65,SELL,75,13 Aug 2025 09:16:00,BUY,64.25,13 Aug 2025 09:48:34,698.75,4875,4875
95,NIFTY14AUG2524500CE,65,SELL,127.3,13 Aug 2025 09:25:00,BUY,136.5,13 Aug 2025 09:25:15,-598,8274.5,8274.5
95,NIFTY14AUG2524650PE,65,SELL,117.7,13 Aug 2025 09:25:00,BUY,126.9,13 Aug 2025 09:28:47,-598,7650.5,7650.5
96,NIFTY21AUG2525100CE,65,SELL,78.9,18 Aug 2025 09:16:00,BUY,68.15,18 Aug 2025 11:34:52,698.75,5128.5,5128.5
96,NIFTY21AUG2524800PE,65,SELL,73.35,18 Aug 2025 09:16:00,BUY,62.6,18 Aug 2025 09:21:06,698.75,4767.75,4767.75
96,NIFTY21AUG2525000CE,65,SELL,122.8,18 Aug 2025 09:25:00,BUY,132,18 Aug 2025 09:30:24,-598,7982,7982
96,NIFTY21AUG2524950PE,65,SELL,120.55,18 Aug 2025 09:25:00,BUY,129.75,18 Aug 2025 12:08:24,-598,7835.75,7835.75
97,NIFTY21AUG2524950CE,65,SELL,78.85,19 Aug 2025 09:16:00,BUY,68.1,19 Aug 2025 09:43:15,698.75,5125.25,5125.25
97,NIFTY21AUG2524850PE,65,SELL,71.2,19 Aug 2025 09:16:00,BUY,60.45,19 Aug 2025 09:21:29,698.75,4628,4628
97,NIFTY21AUG2524900CE,65,SELL,117.15,19 Aug 2025 09:25:00,BUY,126.35,19 Aug 2025 11:42:42,-598,7614.75,7614.75
97,NIFTY21AUG2525000PE,65,SELL,136.4,19 Aug 2025 09:25:00,BUY,136.4,19 Aug 2025 15:13:21,0,8866,8866
98,NIFTY21AUG2524950CE,65,SELL,74.95,20 Aug 2025 09:16:00,BUY,64.2,20 Aug 2025 09:28:58,698.75,4871.75,4871.75
98,NIFTY21AUG2524950PE,65,SELL,70.65,20 Aug 2025 09:16:00,BUY,59.9,20 Aug 2025 09:45:25,698.75,4592.25,4592.25
98,NIFTY21AUG2524850CE,65,SELL,131.05,20 Aug 2025 09:25:00,BUY,140.25,20 Aug 2025 09:44:02,-598,8518.25,8518.25
98,NIFTY21AUG2525000PE,65,SELL,103.65,20 Aug 2025 09:25:00,BUY,33.8,20 Aug 2025 15:13:21,4540.25,6737.25,6737.25
99,NIFTY28AUG2525150CE,65,SELL,75.55,22 Aug 2025 09:16:00,BUY,64.8,22 Aug 2025 09:19:58,698.75,4910.75,4910.75
99,NIFTY28AUG2525000PE,65,SELL,87.65,22 Aug 2025 09:16:00,BUY,172.3,22 Aug 2025 15:13:21,-5502.25,5697.25,5697.25
99,NIFTY28AUG2525000CE,65,SELL,125.35,22 Aug 2025 09:25:00,BUY,69.35,22 Aug 2025 15:13:21,3640,8147.75,8147.75
99,NIFTY28AUG2525000PE,65,SELL,110.45,22 Aug 2025 09:25:00,BUY,119.65,22 Aug 2025 09:30:19,-598,7179.25,7179.25
100,NIFTY28AUG2525000CE,65,SELL,73.5,25 Aug 2025 09:16:00,BUY,62.75,25 Aug 2025 10:05:11,698.75,4777.5,4777.5
100,NIFTY28AUG2524900PE,65,SELL,79.25,25 Aug 2025 09:16:00,BUY,68.5,25 Aug 2025 09:28:24,698.75,5151.25,5151.25
100,NIFTY28AUG2524900CE,65,SELL,122.55,25 Aug 2025 09:25:00,BUY,131.75,25 Aug 2025 09:34:26,-598,7965.75,7965.75
100,NIFTY28AUG2525000PE,65,SELL,121.95,25 Aug 2025 09:25:00,BUY,131.15,25 Aug 2025 10:08:38,-598,7926.75,7926.75
101,NIFTY28AUG2524900CE,65,SELL,76.9,26 Aug 2025 09:16:00,BUY,66.15,26 Aug 2025 09:17:25,698.75,4998.5,4998.5
101,NIFTY28AUG2524950PE,65,SELL,87.5,26 Aug 2025 09:16:00,BUY,251.65,26 Aug 2025 15:13:21,-10669.75,5687.5,5687.5
101,NIFTY28AUG2524750CE,65,SELL,115.4,26 Aug 2025 09:25:00,BUY,51.65,26 Aug 2025 15:13:21,4143.75,7501,7501
101,NIFTY28AUG2524900PE,65,SELL,133.65,26 Aug 2025 09:25:00,BUY,142.85,26 Aug 2025 09:36:14,-598,8687.25,8687.25
102,NIFTY02SEP2524650CE,65,SELL,81.6,29 Aug 2025 09:16:00,BUY,70.85,29 Aug 2025 09:19:06,698.75,5304,5304
102,NIFTY02SEP2524500PE,65,SELL,78.6,29 Aug 2025 09:16:00,BUY,67.85,29 Aug 2025 09:18:14,698.75,5109,5109
102,NIFTY02SEP2524550CE,65,SELL,124.35,29 Aug 2025 09:25:00,BUY,47.6,29 Aug 2025 15:13:21,4988.75,8082.75,8082.75
102,NIFTY02SEP2524600PE,65,SELL,112.35,29 Aug 2025 09:25:00,BUY,121.55,29 Aug 2025 09:26:16,-598,7302.75,7302.75
103,NIFTY02SEP2524550CE,65,SELL,74.25,01 Sep 2025 09:16:00,BUY,63.5,01 Sep 2025 09:21:42,698.75,4826.25,4826.25
103,NIFTY02SEP2524550PE,65,SELL,77.2,01 Sep 2025 09:16:00,BUY,66.45,01 Sep 2025 09:20:01,698.75,5018,5018
103,NIFTY02SEP2524500CE,65,SELL,102.5,01 Sep 2025 09:25:00,BUY,111.7,01 Sep 2025 09:53:47,-598,6662.5,6662.5
103,NIFTY02SEP2524650PE,65,SELL,125,01 Sep 2025 09:25:00,BUY,134.2,01 Sep 2025 09:28:35,-598,8125,8125
104,NIFTY02SEP2524650CE,65,SELL,62,02 Sep 2025 09:16:00,BUY,51.25,02 Sep 2025 09:18:09,698.75,4030,4030
104,NIFTY02SEP2524750PE,65,SELL,88.4,02 Sep 2025 09:16:00,BUY,77.65,02 Sep 2025 09:37:07,698.75,5746,5746
104,NIFTY02SEP2524550CE,65,SELL,109.05,02 Sep 2025 09:25:00,BUY,118.25,02 Sep 2025 09:28:22,-598,7088.25,7088.25
104,NIFTY02SEP2524750PE,65,SELL,115.6,02 Sep 2025 09:25:00,BUY,124.8,02 Sep 2025 09:27:02,-598,7514,7514
105,NIFTY09SEP2524700CE,65,SELL,89,03 Sep 2025 09:16:00,BUY,78.25,03 Sep 2025 09:17:41,698.75,5785,5785
105,NIFTY09SEP2524500PE,65,SELL,85.25,03 Sep 2025 09:16:00,BUY,74.5,03 Sep 2025 09:29:01,698.75,5541.25,5541.25
105,NIFTY09SEP2524600CE,65,SELL,119.85,03 Sep 2025 09:25:00,BUY,129.05,03 Sep 2025 09:26:46,-598,7790.25,7790.25
105,NIFTY09SEP2524550PE,65,SELL,110.9,03 Sep 2025 09:25:00,BUY,45.35,03 Sep 2025 15:13:21,4260.75,7208.5,7208.5
106,NIFTY09SEP2524850CE,65,SELL,74.25,05 Sep 2025 09:16:00,BUY,63.5,05 Sep 2025 09:36:34,698.75,4826.25,4826.25
106,NIFTY09SEP2524800PE,65,SELL,76.05,05 Sep 2025 09:16:00,BUY,65.3,05 Sep 2025 09:19:25,698.75,4943.25,4943.25
106,NIFTY09SEP2524750CE,65,SELL,123.45,05 Sep 2025 09:25:00,BUY,132.65,05 Sep 2025 09:34:05,-598,8024.25,8024.25
106,NIFTY09SEP2524900PE,65,SELL,133.6,05 Sep 2025 09:25:00,BUY,142.8,05 Sep 2025 09:26:26,-598,8684,8684
107,NIFTY09SEP2524800CE,65,SELL,77.65,08 Sep 2025 09:16:00,BUY,66.9,08 Sep 2025 09:20:35,698.75,5047.25,5047.25
107,NIFTY09SEP2524850PE,65,SELL,86.75,08 Sep 2025 09:16:00,BUY,76,08 Sep 2025 09:31:57,698.75,5638.75,5638.75
107,NIFTY09SEP2524700CE,65,SELL,122,08 Sep 2025 09:25:00,BUY,131.2,08 Sep 2025 09:26:54,-598,7930,7930
107,NIFTY09SEP2524850PE,65,SELL,105.95,08 Sep 2025 09:25:00,BUY,86.5,08 Sep 2025 15:13:21,1264.25,6886.75,6886.75
108,NIFTY09SEP2524800CE,65,SELL,88.2,09 Sep 2025 09:16:00,BUY,77.45,09 Sep 2025 09:18:36,698.75,5733,5733
108,NIFTY09SEP2524900PE,65,SELL,71.45,09 Sep 2025 09:16:00,BUY,60.7,09 Sep 2025 09:22:31,698.75,4644.25,4644.25
108,NIFTY09SEP2524750CE,65,SELL,117.5,09 Sep 2025 09:25:00,BUY,126.7,09 Sep 2025 09:30:04,-598,7637.5,7637.5
108,NIFTY09SEP2524950PE,65,SELL,112.15,09 Sep 2025 09:25:00,BUY,121.35,09 Sep 2025 09:34:09,-598,7289.75,7289.75
109,NIFTY16SEP2525050CE,65,SELL,86.45,10 Sep 2025 09:16:00,BUY,94.8,10 Sep 2025 15:13:21,-542.75,5619.25,5619.25
109,NIFTY16SEP2524900PE,65,SELL,85.95,10 Sep 2025 09:16:00,BUY,75.2,10 Sep 2025 09:27:06,698.75,5586.75,5586.75
109,NIFTY16SEP2525000CE,65,SELL,112.9,10 Sep 2025 09:25:00,BUY,122.1,10 Sep 2025 09:28:20,-598,7338.5,7338.5
109,NIFTY16SEP2525000PE,65,SELL,122.1,10 Sep 2025 09:25:00,BUY,99.25,10 Sep 2025 15:13:21,1485.25,7936.5,7936.5
110,NIFTY16SEP2525100CE,65,SELL,79.65,12 Sep 2025 09:16:00,BUY,68.9,12 Sep 2025 09:25:09,698.75,5177.25,5177.25
110,NIFTY16SEP2525100PE,65,SELL,83.7,12 Sep 2025 09:16:00,BUY,72.95,12 Sep 2025 10:41:05,698.75,5440.5,5440.5
110,NIFTY16SEP2525000CE,65,SELL,128.05,12 Sep 2025 09:25:00,BUY,137.25,12 Sep 2025 09:53:58,-598,8323.25,8323.25
110,NIFTY16SEP2525150PE,65,SELL,122.2,12 Sep 2025 09:25:00,BUY,81.6,12 Sep 2025 15:13:21,2639,7943,7943
111,NIFTY16SEP2525100CE,65,SELL,72.35,15 Sep 2025 09:16:00,BUY,61.6,15 Sep 2025 09:33:37,698.75,4702.75,4702.75
111,NIFTY16SEP2525150PE,65,SELL,77.95,15 Sep 2025 09:16:00,BUY,67.2,15 Sep 2025 12:00:17,698.75,5066.75,5066.75
111,NIFTY16SEP2525000CE,65,SELL,138,15 Sep 2025 09:25:00,BUY,147.2,15 Sep 2025 09:27:24,-598,8970,8970
111,NIFTY16SEP2525200PE,65,SELL,112.3,15 Sep 2025 09:25:00,BUY,121.5,15 Sep 2025 09:33:42,-598,7299.5,7299.5
112,NIFTY16SEP2525050CE,65,SELL,67.55,16 Sep 2025 09:16:00,BUY,187.6,16 Sep 2025 15:13:21,-7803.25,4390.75,4390.75
112,NIFTY16SEP2525150PE,65,SELL,74.6,16 Sep 2025 09:16:00,BUY,63.85,16 Sep 2025 09:20:02,698.75,4849,4849
112,NIFTY16SEP2525000CE,65,SELL,125.35,16 Sep 2025 09:25:00,BUY,134.55,16 Sep 2025 09:33:36,-598,8147.75,8147.75
112,NIFTY16SEP2525250PE,65,SELL,140.35,16 Sep 2025 09:25:00,BUY,13.2,16 Sep 2025 15:13:21,8264.75,9122.75,9122.75
113,NIFTY23SEP2525450CE,65,SELL,73.55,17 Sep 2025 09:16:00,BUY,62.8,17 Sep 2025 09:26:54,698.75,4780.75,4780.75
113,NIFTY23SEP2525300PE,65,SELL,88.15,17 Sep 2025 09:16:00,BUY,77.4,17 Sep 2025 09:36:50,698.75,5729.75,5729.75
113,NIFTY23SEP2525350CE,65,SELL,116.2,17 Sep 2025 09:25:00,BUY,125.4,17 Sep 2025 09:39:04,-598,7553,7553
113,NIFTY23SEP2525400PE,65,SELL,130.55,17 Sep 2025 09:25:00,BUY,139.75,17 Sep 2025 09:27:03,-598,8485.75,8485.75
114,NIFTY23SEP2525400CE,65,SELL,79.95,19 Sep 2025 09:16:00,BUY,69.2,19 Sep 2025 09:17:46,698.75,5196.75,5196.75
114,NIFTY23SEP2525400PE,65,SELL,67.8,19 Sep 2025 09:16:00,BUY,92.75,19 Sep 2025 15:13:21,-1621.75,4407,4407
114,NIFTY23SEP2525300CE,65,SELL,123.35,19 Sep 2025 09:25:00,BUY,102.85,19 Sep 2025 15:13:21,1332.5,8017.75,8017.75
114,NIFTY23SEP2525450PE,65,SELL,112.5,19 Sep 2025 09:25:00,BUY,121.7,19 Sep 2025 09:31:10,-598,7312.5,7312.5
115,NIFTY23SEP2525250CE,65,SELL,76.4,22 Sep 2025 09:16:00,BUY,65.65,22 Sep 2025 09:17:06,698.75,4966,4966
115,NIFTY23SEP2525300PE,65,SELL,73.4,22 Sep 2025 09:16:00,BUY,62.65,22 Sep 2025 09:24:12,698.75,4771,4771
115,NIFTY23SEP2525200CE,65,SELL,127.55,22 Sep 2025 09:25:00,BUY,136.75,22 Sep 2025 09:31:16,-598,8290.75,8290.75
115,NIFTY23SEP2525400PE,65,SELL,123.25,22 Sep 2025 09:25:00,BUY,132.45,22 Sep 2025 14:29:03,-598,8011.25,8011.25
116,NIFTY23SEP2525200CE,65,SELL,72,23 Sep 2025 09:16:00,BUY,61.25,23 Sep 2025 09:16:38,698.75,4680,4680
116,NIFTY23SEP2525300PE,65,SELL,75.3,23 Sep 2025 09:16:00,BUY,207.4,23 Sep 2025 11:15:10,-8586.5,4894.5,4894.5
116,NIFTY23SEP2525100CE,65,SELL,127.65,23 Sep 2025 09:25:00,BUY,136.85,23 Sep 2025 09:26:34,-598,8297.25,8297.25
116,NIFTY23SEP2525350PE,65,SELL,136.6,23 Sep 2025 09:25:00,BUY,145.8,23 Sep 2025 09:28:53,-598,8879,8879
117,NIFTY30SEP2525250CE,65,SELL,72.95,24 Sep 2025 09:16:00,BUY,62.2,24 Sep 2025 09:29:08,698.75,4741.75,4741.75
117,NIFTY30SEP2525050PE,65,SELL,74.75,24 Sep 2025 09:16:00,BUY,64,24 Sep 2025 10:17:32,698.75,4858.75,4858.75
117,NIFTY30SEP2525150CE,65,SELL,107.65,24 Sep 2025 09:25:00,BUY,116.85,24 Sep 2025 10:17:14,-598,6997.25,6997.25
117,NIFTY30SEP2525150PE,65,SELL,127.35,24 Sep 2025 09:25:00,BUY,136.55,24 Sep 2025 09:30:39,-598,8277.75,8277.75
118,NIFTY30SEP2524900CE,65,SELL,81.6,26 Sep 2025 09:16:00,BUY,70.85,26 Sep 2025 09:20:33,698.75,5304,5304
118,NIFTY30SEP2524850PE,65,SELL,85.05,26 Sep 2025 09:16:00,BUY,201.65,26 Sep 2025 15:13:21,-7579,5528.25,5528.25
118,NIFTY30SEP2524800CE,65,SELL,128.95,26 Sep 2025 09:25:00,BUY,43.95,26 Sep 2025 15:13:21,5525,8381.75,8381.75
118,NIFTY30SEP2524900PE,65,SELL,106.65,26 Sep 2025 09:25:00,BUY,115.85,26 Sep 2025 09:27:39,-598,6932.25,6932.25
119,NIFTY30SEP2524750CE,65,SELL,78.4,29 Sep 2025 09:16:00,BUY,67.65,29 Sep 2025 09:17:00,698.75,5096,5096
119,NIFTY30SEP2524750PE,65,SELL,67.35,29 Sep 2025 09:16:00,BUY,56.6,29 Sep 2025 09:34:42,698.75,4377.75,4377.75
119,NIFTY30SEP2524700CE,65,SELL,104.5,29 Sep 2025 09:25:00,BUY,113.7,29 Sep 2025 09:34:00,-598,6792.5,6792.5
119,NIFTY30SEP2524850PE,65,SELL,131.1,29 Sep 2025 09:25:00,BUY,140.3,29 Sep 2025 09:26:09,-598,8521.5,8521.5
120,NIFTY30SEP2524650CE,65,SELL,94.95,30 Sep 2025 09:16:00,BUY,84.2,30 Sep 2025 09:27:51,698.75,6171.75,6171.75
120,NIFTY30SEP2524750PE,65,SELL,67,30 Sep 2025 09:16:00,BUY,56.25,30 Sep 2025 09:20:58,698.75,4355,4355
120,NIFTY30SEP2524600CE,65,SELL,131.4,30 Sep 2025 09:25:00,BUY,140.6,30 Sep 2025 09:25:36,-598,8541,8541
120,NIFTY30SEP2524800PE,65,SELL,106.4,30 Sep 2025 09:25:00,BUY,115.6,30 Sep 2025 09:28:00,-598,6916,6916
121,NIFTY07OCT2524750CE,65,SELL,85.25,01 Oct 2025 09:16:00,BUY,74.5,01 Oct 2025 10:05:26,698.75,5541.25,5541.25
121,NIFTY07OCT2524550PE,65,SELL,85,01 Oct 2025 09:16:00,BUY,74.25,01 Oct 2025 09:23:56,698.75,5525,5525
121,NIFTY07OCT2524650CE,65,SELL,132.25,01 Oct 2025 09:25:00,BUY,141.45,01 Oct 2025 09:30:49,-598,8596.25,8596.25
121,NIFTY07OCT2524650PE,65,SELL,109.55,01 Oct 2025 09:25:00,BUY,32.6,01 Oct 2025 15:13:21,5001.75,7120.75,7120.75
122,NIFTY07OCT2524850CE,65,SELL,78.45,03 Oct 2025 09:16:00,BUY,67.7,03 Oct 2025 09:17:09,698.75,5099.25,5099.25
122,NIFTY07OCT2524800PE,65,SELL,73.7,03 Oct 2025 09:16:00,BUY,62.95,03 Oct 2025 09:53:22,698.75,4790.5,4790.5
122,NIFTY07OCT2524750CE,65,SELL,124.7,03 Oct 2025 09:25:00,BUY,133.9,03 Oct 2025 09:50:58,-598,8105.5,8105.5
122,NIFTY07OCT2524900PE,65,SELL,133.35,03 Oct 2025 09:25:00,BUY,142.55,03 Oct 2025 09:27:46,-598,8667.75,8667.75
123,NIFTY07OCT2524900CE,65,SELL,72.65,06 Oct 2025 09:16:00,BUY,61.9,06 Oct 2025 09:30:05,698.75,4722.25,4722.25
123,NIFTY07OCT2524950PE,65,SELL,78.8,06 Oct 2025 09:16:00,BUY,68.05,06 Oct 2025 09:17:47,698.75,5122,5122
123,NIFTY07OCT2524850CE,65,SELL,105.2,06 Oct 2025 09:25:00,BUY,114.4,06 Oct 2025 09:41:04,-598,6838,6838
123,NIFTY07OCT2525000PE,65,SELL,105.2,06 Oct 2025 09:25:00,BUY,114.4,06 Oct 2025 09:26:00,-598,6838,6838
124,NIFTY07OCT2525050CE,65,SELL,88.5,07 Oct 2025 09:16:00,BUY,77.75,07 Oct 2025 09:18:01,698.75,5752.5,5752.5
124,NIFTY07OCT2525150PE,65,SELL,62.7,07 Oct 2025 09:16:00,BUY,51.95,07 Oct 2025 09:37:44,698.75,4075.5,4075.5
124,NIFTY07OCT2525000CE,65,SELL,125.05,07 Oct 2025 09:25:00,BUY,134.25,07 Oct 2025 09:30:03,-598,8128.25,8128.25
124,NIFTY07OCT2525200PE,65,SELL,103.25,07 Oct 2025 09:25:00,BUY,112.45,07 Oct 2025 09:27:11,-598,6711.25,6711.25
125,NIFTY14OCT2525200CE,65,SELL,77.5,08 Oct 2025 09:16:00,BUY,66.75,08 Oct 2025 10:58:46,698.75,5037.5,5037.5
125,NIFTY14OCT2525050PE,65,SELL,72.1,08 Oct 2025 09:16:00,BUY,61.35,08 Oct 2025 09:18:41,698.75,4686.5,4686.5
125,NIFTY14OCT2525200CE,65,SELL,116.45,08 Oct 2025 09:25:00,BUY,44,08 Oct 2025 15:13:21,4709.25,7569.25,7569.25
125,NIFTY14OCT2525250PE,65,SELL,130.25,08 Oct 2025 09:25:00,BUY,139.45,08 Oct 2025 09:50:35,-598,8466.25,8466.25
126,NIFTY14OCT2525250CE,65,SELL,70.55,10 Oct 2025 09:16:00,BUY,134.2,10 Oct 2025 15:13:21,-4137.25,4585.75,4585.75
126,NIFTY14OCT2525200PE,65,SELL,72.55,10 Oct 2025 09:16:00,BUY,61.8,10 Oct 2025 09:21:10,698.75,4715.75,4715.75
126,NIFTY14OCT2525200CE,65,SELL,127.8,10 Oct 2025 09:25:00,BUY,137,10 Oct 2025 09:31:43,-598,8307,8307
126,NIFTY14OCT2525350PE,65,SELL,126.55,10 Oct 2025 09:25:00,BUY,72.8,10 Oct 2025 15:13:21,3493.75,8225.75,8225.75
127,NIFTY14OCT2525250CE,65,SELL,70.25,13 Oct 2025 09:16:00,BUY,59.5,13 Oct 2025 09:17:09,698.75,4566.25,4566.25
127,NIFTY14OCT2525250PE,65,SELL,79.05,13 Oct 2025 09:16:00,BUY,68.3,13 Oct 2025 14:22:52,698.75,5138.25,5138.25
127,NIFTY14OCT2525150CE,65,SELL,126,13 Oct 2025 09:25:00,BUY,135.2,13 Oct 2025 14:26:42,-598,8190,8190
127,NIFTY14OCT2525300PE,65,SELL,115.75,13 Oct 2025 09:25:00,BUY,124.95,13 Oct 2025 09:25:25,-598,7523.75,7523.75
128,NIFTY14OCT2525250CE,65,SELL,80.2,14 Oct 2025 09:16:00,BUY,69.45,14 Oct 2025 09:38:03,698.75,5213,5213
128,NIFTY14OCT2525350PE,65,SELL,81.65,14 Oct 2025 09:16:00,BUY,70.9,14 Oct 2025 09:20:51,698.75,5307.25,5307.25
128,NIFTY14OCT2525200CE,65,SELL,126.15,14 Oct 2025 09:25:00,BUY,0.15,14 Oct 2025 15:13:21,8190,8199.75,8199.75
128,NIFTY14OCT2525400PE,65,SELL,102.9,14 Oct 2025 09:25:00,BUY,112.1,14 Oct 2025 09:26:29,-598,6688.5,6688.5
129,NIFTY20OCT2525350CE,65,SELL,88.45,15 Oct 2025 09:16:00,BUY,77.7,15 Oct 2025 09:50:30,698.75,5749.25,5749.25
129,NIFTY20OCT2525200PE,65,SELL,79,15 Oct 2025 09:16:00,BUY,68.25,15 Oct 2025 09:21:24,698.75,5135,5135
129,NIFTY20OCT2525300CE,65,SELL,122.55,15 Oct 2025 09:25:00,BUY,131.75,15 Oct 2025 09:31:55,-598,7965.75,7965.75
129,NIFTY20OCT2525300PE,65,SELL,108.3,15 Oct 2025 09:25:00,BUY,117.5,15 Oct 2025 09:39:42,-598,7039.5,7039.5
130,NIFTY20OCT2525600CE,65,SELL,71.25,17 Oct 2025 09:16:00,BUY,162.6,17 Oct 2025 15:13:21,-5937.75,4631.25,4631.25
130,NIFTY20OCT2525550PE,65,SELL,87.4,17 Oct 2025 09:16:00,BUY,76.65,17 Oct 2025 09:21:29,698.75,5681,5681
130,NIFTY20OCT2525500CE,65,SELL,125.05,17 Oct 2025 09:25:00,BUY,134.25,17 Oct 2025 09:25:52,-598,8128.25,8128.25
130,NIFTY20OCT2525650PE,65,SELL,134.3,17 Oct 2025 09:25:00,BUY,51.85,17 Oct 2025 15:13:21,5359.25,8729.5,8729.5
131,NIFTY20OCT2525900CE,65,SELL,74.65,20 Oct 2025 09:16:00,BUY,63.9,20 Oct 2025 09:23:39,698.75,4852.25,4852.25
131,NIFTY20OCT2525950PE,65,SELL,71,20 Oct 2025 09:16:00,BUY,60.25,20 Oct 2025 09:21:04,698.75,4615,4615
131,NIFTY20OCT2525750CE,65,SELL,138.7,20 Oct 2025 09:25:00,BUY,147.9,20 Oct 2025 09:26:21,-598,9015.5,9015.5
131,NIFTY20OCT2525950PE,65,SELL,106.15,20 Oct 2025 09:25:00,BUY,115.35,20 Oct 2025 09:25:04,-598,6899.75,6899.75
132,NIFTY28OCT2526000CE,65,SELL,89.35,24 Oct 2025 09:16:00,BUY,78.6,24 Oct 2025 09:16:39,698.75,5807.75,5807.75
132,NIFTY28OCT2525900PE,65,SELL,86.2,24 Oct 2025 09:16:00,BUY,75.45,24 Oct 2025 09:38:21,698.75,5603,5603
132,NIFTY28OCT2525950CE,65,SELL,111,24 Oct 2025 09:25:00,BUY,120.2,24 Oct 2025 09:38:19,-598,7215,7215
132,NIFTY28OCT2525950PE,65,SELL,106.5,24 Oct 2025 09:25:00,BUY,115.7,24 Oct 2025 09:27:01,-598,6922.5,6922.5
133,NIFTY28OCT2525900CE,65,SELL,89.45,27 Oct 2025 09:16:00,BUY,143.2,27 Oct 2025 15:13:21,-3493.75,5814.25,5814.25
133,NIFTY28OCT2525900PE,65,SELL,73,27 Oct 2025 09:16:00,BUY,62.25,27 Oct 2025 09:20:51,698.75,4745,4745
133,NIFTY28OCT2525850CE,65,SELL,134.45,27 Oct 2025 09:25:00,BUY,143.65,27 Oct 2025 09:28:40,-598,8739.25,8739.25
133,NIFTY28OCT2526000PE,65,SELL,110.1,27 Oct 2025 09:25:00,BUY,61.8,27 Oct 2025 15:13:21,3139.5,7156.5,7156.5
134,NIFTY28OCT2526000CE,65,SELL,85.05,28 Oct 2025 09:16:00,BUY,74.3,28 Oct 2025 09:16:13,698.75,5528.25,5528.25
134,NIFTY28OCT2526050PE,65,SELL,82.65,28 Oct 2025 09:16:00,BUY,71.9,28 Oct 2025 09:33:00,698.75,5372.25,5372.25
134,NIFTY28OCT2525900CE,65,SELL,122.5,28 Oct 2025 09:25:00,BUY,131.7,28 Oct 2025 09:26:13,-598,7962.5,7962.5
134,NIFTY28OCT2526100PE,65,SELL,134.9,28 Oct 2025 09:25:00,BUY,144.1,28 Oct 2025 09:25:19,-598,8768.5,8768.5
135,NIFTY04NOV2526250CE,65,SELL,87,29 Oct 2025 09:16:00,BUY,76.25,29 Oct 2025 09:19:03,698.75,5655,5655
135,NIFTY04NOV2525900PE,65,SELL,80.5,29 Oct 2025 09:16:00,BUY,69.75,29 Oct 2025 10:28:33,698.75,5232.5,5232.5
135,NIFTY04NOV2526150CE,65,SELL,114.4,29 Oct 2025 09:25:00,BUY,123.6,29 Oct 2025 09:27:51,-598,7436,7436
135,NIFTY04NOV2526000PE,65,SELL,127.8,29 Oct 2025 09:25:00,BUY,137,29 Oct 2025 09:40:46,-598,8307,8307
136,NIFTY04NOV2525950CE,65,SELL,78.65,31 Oct 2025 09:16:00,BUY,67.9,31 Oct 2025 10:32:00,698.75,5112.25,5112.25
136,NIFTY04NOV2525800PE,65,SELL,82.65,31 Oct 2025 09:16:00,BUY,71.9,31 Oct 2025 09:19:49,698.75,5372.25,5372.25
136,NIFTY04NOV2525950CE,65,SELL,106.95,31 Oct 2025 09:25:00,BUY,116.15,31 Oct 2025 09:25:39,-598,6951.75,6951.75
136,NIFTY04NOV2525950PE,65,SELL,117.9,31 Oct 2025 09:25:00,BUY,127.1,31 Oct 2025 10:08:32,-598,7663.5,7663.5
137,NIFTY04NOV2525750CE,65,SELL,86.6,03 Nov 2025 09:16:00,BUY,75.85,03 Nov 2025 09:16:50,698.75,5629,5629
137,NIFTY04NOV2525700PE,65,SELL,77.45,03 Nov 2025 09:16:00,BUY,66.7,03 Nov 2025 09:39:56,698.75,5034.25,5034.25
137,NIFTY04NOV2525650CE,65,SELL,123.5,03 Nov 2025 09:25:00,BUY,132.7,03 Nov 2025 09:36:37,-598,8027.5,8027.5
137,NIFTY04NOV2525750PE,65,SELL,115.45,03 Nov 2025 09:25:00,BUY,54.6,03 Nov 2025 15:13:21,3955.25,7504.25,7504.25
138,NIFTY04NOV2525750CE,65,SELL,80.6,04 Nov 2025 09:16:00,BUY,69.85,04 Nov 2025 09:18:00,698.75,5239,5239
138,NIFTY04NOV2525800PE,65,SELL,78.2,04 Nov 2025 09:16:00,BUY,199.25,04 Nov 2025 15:13:21,-7868.25,5083,5083
138,NIFTY04NOV2525650CE,65,SELL,120,04 Nov 2025 09:25:00,BUY,0.15,04 Nov 2025 15:13:21,7790.25,7800,7800
138,NIFTY04NOV2525850PE,65,SELL,120.95,04 Nov 2025 09:25:00,BUY,130.15,04 Nov 2025 09:25:29,-598,7861.75,7861.75
139,NIFTY11NOV2525450CE,65,SELL,83.85,07 Nov 2025 09:16:00,BUY,73.1,07 Nov 2025 09:22:18,698.75,5450.25,5450.25
139,NIFTY11NOV2525350PE,65,SELL,75.85,07 Nov 2025 09:16:00,BUY,65.1,07 Nov 2025 10:43:30,698.75,4930.25,4930.25
139,NIFTY11NOV2525350CE,65,SELL,109.85,07 Nov 2025 09:25:00,BUY,119.05,07 Nov 2025 09:26:19,-598,7140.25,7140.25
139,NIFTY11NOV2525400PE,65,SELL,124,07 Nov 2025 09:25:00,BUY,49.8,07 Nov 2025 15:13:21,4823,8060,8060
140,NIFTY11NOV2525550CE,65,SELL,76.6,10 Nov 2025 09:16:00,BUY,97.6,10 Nov 2025 15:13:21,-1365,4979,4979
140,NIFTY11NOV2525500PE,65,SELL,72.7,10 Nov 2025 09:16:00,BUY,61.95,10 Nov 2025 09:25:17,698.75,4725.5,4725.5
140,NIFTY11NOV2525450CE,65,SELL,131.7,10 Nov 2025 09:25:00,BUY,140.9,10 Nov 2025 09:25:17,-598,8560.5,8560.5
140,NIFTY11NOV2525600PE,65,SELL,126.4,10 Nov 2025 09:25:00,BUY,56.45,10 Nov 2025 15:13:21,4546.75,8216,8216
141,NIFTY11NOV2525600CE,65,SELL,71.95,11 Nov 2025 09:16:00,BUY,61.2,11 Nov 2025 09:16:10,698.75,4676.75,4676.75
141,NIFTY11NOV2525650PE,65,SELL,66.8,11 Nov 2025 09:16:00,BUY,56.05,11 Nov 2025 13:16:56,698.75,4342,4342
141,NIFTY11NOV2525450CE,65,SELL,109,11 Nov 2025 09:25:00,BUY,118.2,11 Nov 2025 12:05:09,-598,7085,7085
141,NIFTY11NOV2525650PE,65,SELL,131.55,11 Nov 2025 09:25:00,BUY,140.75,11 Nov 2025 09:27:19,-598,8550.75,8550.75
142,NIFTY18NOV2526050CE,65,SELL,75.9,12 Nov 2025 09:16:00,BUY,65.15,12 Nov 2025 09:37:31,698.75,4933.5,4933.5
142,NIFTY18NOV2525750PE,65,SELL,80,12 Nov 2025 09:16:00,BUY,69.25,12 Nov 2025 10:49:44,698.75,5200,5200
142,NIFTY18NOV2525950CE,65,SELL,125.9,12 Nov 2025 09:25:00,BUY,135.1,12 Nov 2025 12:31:05,-598,8183.5,8183.5
142,NIFTY18NOV2525850PE,65,SELL,113.1,12 Nov 2025 09:25:00,BUY,122.3,12 Nov 2025 09:27:12,-598,7351.5,7351.5
143,NIFTY18NOV2526000CE,65,SELL,75.65,14 Nov 2025 09:16:00,BUY,64.9,14 Nov 2025 09:16:23,698.75,4917.25,4917.25
143,NIFTY18NOV2525700PE,65,SELL,72.4,14 Nov 2025 09:16:00,BUY,61.65,14 Nov 2025 09:29:58,698.75,4706,4706
143,NIFTY18NOV2525850CE,65,SELL,114.75,14 Nov 2025 09:25:00,BUY,123.95,14 Nov 2025 09:26:11,-598,7458.75,7458.75
143,NIFTY18NOV2525800PE,65,SELL,116.6,14 Nov 2025 09:25:00,BUY,125.8,14 Nov 2025 10:02:44,-598,7579,7579
144,NIFTY18NOV2526000CE,65,SELL,69.15,17 Nov 2025 09:16:00,BUY,58.4,17 Nov 2025 10:40:51,698.75,4494.75,4494.75
144,NIFTY18NOV2525950PE,65,SELL,81.65,17 Nov 2025 09:16:00,BUY,70.9,17 Nov 2025 09:20:24,698.75,5307.25,5307.25
144,NIFTY18NOV2525900CE,65,SELL,120.85,17 Nov 2025 09:25:00,BUY,130.05,17 Nov 2025 09:25:20,-598,7855.25,7855.25
144,NIFTY18NOV2526050PE,65,SELL,130.95,17 Nov 2025 09:25:00,BUY,140.15,17 Nov 2025 10:40:55,-598,8511.75,8511.75
145,NIFTY18NOV2525900CE,65,SELL,80.2,18 Nov 2025 09:16:00,BUY,69.45,18 Nov 2025 09:49:30,698.75,5213,5213
145,NIFTY18NOV2525950PE,65,SELL,65.7,18 Nov 2025 09:16:00,BUY,54.95,18 Nov 2025 09:22:57,698.75,4270.5,4270.5
145,NIFTY18NOV2525850CE,65,SELL,119.55,18 Nov 2025 09:25:00,BUY,128.75,18 Nov 2025 09:26:00,-598,7770.75,7770.75
145,NIFTY18NOV2526050PE,65,SELL,120.8,18 Nov 2025 09:25:00,BUY,130,18 Nov 2025 09:40:00,-598,7852,7852
146,NIFTY25NOV2526100CE,65,SELL,78.4,19 Nov 2025 09:16:00,BUY,67.65,19 Nov 2025 09:20:06,698.75,5096,5096
146,NIFTY25NOV2525750PE,65,SELL,85.3,19 Nov 2025 09:16:00,BUY,74.55,19 Nov 2025 09:25:18,698.75,5544.5,5544.5
146,NIFTY25NOV2526000CE,65,SELL,117.75,19 Nov 2025 09:25:00,BUY,126.95,19 Nov 2025 10:12:44,-598,7653.75,7653.75
146,NIFTY25NOV2525900PE,65,SELL,130.25,19 Nov 2025 09:25:00,BUY,139.45,19 Nov 2025 09:34:50,-598,8466.25,8466.25
147,NIFTY25NOV2526200CE,65,SELL,86.3,21 Nov 2025 09:16:00,BUY,75.55,21 Nov 2025 09:55:30,698.75,5609.5,5609.5
147,NIFTY25NOV2526050PE,65,SELL,77.25,21 Nov 2025 09:16:00,BUY,66.5,21 Nov 2025 09:24:28,698.75,5021.25,5021.25
147,NIFTY25NOV2526150CE,65,SELL,126.15,21 Nov 2025 09:25:00,BUY,72.65,21 Nov 2025 15:13:21,3477.5,8199.75,8199.75
147,NIFTY25NOV2526200PE,65,SELL,127.5,21 Nov 2025 09:25:00,BUY,136.7,21 Nov 2025 09:37:30,-598,8287.5,8287.5
148,NIFTY25NOV2526150CE,65,SELL,78.15,24 Nov 2025 09:16:00,BUY,67.4,24 Nov 2025 09:32:29,698.75,5079.75,5079.75
148,NIFTY25NOV2526100PE,65,SELL,70.5,24 Nov 2025 09:16:00,BUY,59.75,24 Nov 2025 10:08:03,698.75,4582.5,4582.5
148,NIFTY25NOV2526050CE,65,SELL,128.6,24 Nov 2025 09:25:00,BUY,137.8,24 Nov 2025 10:12:57,-598,8359,8359
148,NIFTY25NOV2526200PE,65,SELL,121.45,24 Nov 2025 09:25:00,BUY,130.65,24 Nov 2025 09:34:10,-598,7894.25,7894.25
149,NIFTY25NOV2525900CE,65,SELL,87.1,25 Nov 2025 09:16:00,BUY,76.35,25 Nov 2025 10:56:55,698.75,5661.5,5661.5
149,NIFTY25NOV2526000PE,65,SELL,93.4,25 Nov 2025 09:16:00,BUY,82.65,25 Nov 2025 09:18:07,698.75,6071,6071
149,NIFTY25NOV2525850CE,65,SELL,125.55,25 Nov 2025 09:25:00,BUY,134.75,25 Nov 2025 09:25:42,-598,8160.75,8160.75
149,NIFTY25NOV2526050PE,65,SELL,115.25,25 Nov 2025 09:25:00,BUY,124.45,25 Nov 2025 10:57:30,-598,7491.25,7491.25
150,NIFTY02DEC2526150CE,65,SELL,80.3,26 Nov 2025 09:16:00,BUY,177.9,26 Nov 2025 15:13:21,-6344,5219.5,5219.5
150,NIFTY02DEC2525900PE,65,SELL,80.15,26 Nov 2025 09:16:00,BUY,69.4,26 Nov 2025 09:34:07,698.75,5209.75,5209.75
150,NIFTY02DEC2526050CE,65,SELL,119.25,26 Nov 2025 09:25:00,BUY,128.45,26 Nov 2025 09:29:22,-598,7751.25,7751.25
150,NIFTY02DEC2526000PE,65,SELL,119,26 Nov 2025 09:25:00,BUY,57.6,26 Nov 2025 15:13:21,3991,7735,7735
151,NIFTY02DEC2526300CE,65,SELL,72.45,28 Nov 2025 09:16:00,BUY,61.7,28 Nov 2025 12:46:45,698.75,4709.25,4709.25
151,NIFTY02DEC2526150PE,65,SELL,69.75,28 Nov 2025 09:16:00,BUY,59,28 Nov 2025 09:18:14,698.75,4533.75,4533.75
151,NIFTY02DEC2526200CE,65,SELL,125.6,28 Nov 2025 09:25:00,BUY,134.8,28 Nov 2025 09:27:08,-598,8164,8164
151,NIFTY02DEC2526250PE,65,SELL,106.7,28 Nov 2025 09:25:00,BUY,95.65,28 Nov 2025 15:13:21,718.25,6935.5,6935.5
152,NIFTY02DEC2526300CE,65,SELL,86.5,01 Dec 2025 09:16:00,BUY,75.75,01 Dec 2025 09:43:09,698.75,5622.5,5622.5
152,NIFTY02DEC2526300PE,65,SELL,69,01 Dec 2025 09:16:00,BUY,133.75,01 Dec 2025 15:13:21,-4208.75,4485,4485
152,NIFTY02DEC2526250CE,65,SELL,115,01 Dec 2025 09:25:00,BUY,37.8,01 Dec 2025 15:13:21,5018,7475,7475
152,NIFTY02DEC2526400PE,65,SELL,125.25,01 Dec 2025 09:25:00,BUY,134.45,01 Dec 2025 09:43:10,-598,8141.25,8141.25
153,NIFTY02DEC2526100CE,65,SELL,65.15,02 Dec 2025 09:16:00,BUY,54.4,02 Dec 2025 09:41:44,698.75,4234.75,4234.75
153,NIFTY02DEC2526150PE,65,SELL,67.65,02 Dec 2025 09:16:00,BUY,56.9,02 Dec 2025 09:18:02,698.75,4397.25,4397.25
153,NIFTY02DEC2526050CE,65,SELL,121.85,02 Dec 2025 09:25:00,BUY,0.35,02 Dec 2025 15:13:21,7897.5,7920.25,7920.25
153,NIFTY02DEC2526250PE,65,SELL,112.1,02 Dec 2025 09:25:00,BUY,121.3,02 Dec 2025 09:29:24,-598,7286.5,7286.5
154,NIFTY09DEC2526200CE,65,SELL,72.6,03 Dec 2025 09:16:00,BUY,61.85,03 Dec 2025 09:27:29,698.75,4719,4719
154,NIFTY09DEC2525900PE,65,SELL,74.15,03 Dec 2025 09:16:00,BUY,66.8,03 Dec 2025 15:13:21,477.75,4819.75,4819.75
154,NIFTY09DEC2526050CE,65,SELL,131,03 Dec 2025 09:25:00,BUY,117.15,03 Dec 2025 15:13:21,900.25,8515,8515
154,NIFTY09DEC2526050PE,65,SELL,131.1,03 Dec 2025 09:25:00,BUY,140.3,03 Dec 2025 09:27:09,-598,8521.5,8521.5
155,NIFTY09DEC2526100CE,65,SELL,80.65,05 Dec 2025 09:16:00,BUY,69.9,05 Dec 2025 10:30:18,698.75,5242.25,5242.25
155,NIFTY09DEC2526000PE,65,SELL,77.25,05 Dec 2025 09:16:00,BUY,66.5,05 Dec 2025 09:34:56,698.75,5021.25,5021.25
155,NIFTY09DEC2526050CE,65,SELL,111.05,05 Dec 2025 09:25:00,BUY,120.25,05 Dec 2025 09:48:52,-598,7218.25,7218.25
155,NIFTY09DEC2526100PE,65,SELL,119.55,05 Dec 2025 09:25:00,BUY,128.75,05 Dec 2025 09:57:45,-598,7770.75,7770.75
156,NIFTY09DEC2526150CE,65,SELL,87.35,08 Dec 2025 09:16:00,BUY,76.6,08 Dec 2025 09:27:55,698.75,5677.75,5677.75
156,NIFTY09DEC2526200PE,65,SELL,82.7,08 Dec 2025 09:16:00,BUY,239.75,08 Dec 2025 15:13:21,-10208.25,5375.5,5375.5
156,NIFTY09DEC2526100CE,65,SELL,125.6,08 Dec 2025 09:25:00,BUY,21.15,08 Dec 2025 15:13:21,6789.25,8164,8164
156,NIFTY09DEC2526250PE,65,SELL,106.3,08 Dec 2025 09:25:00,BUY,115.5,08 Dec 2025 09:26:45,-598,6909.5,6909.5
157,NIFTY09DEC2525850CE,65,SELL,66.3,09 Dec 2025 09:16:00,BUY,55.55,09 Dec 2025 09:17:02,698.75,4309.5,4309.5
157,NIFTY09DEC2525900PE,65,SELL,74.5,09 Dec 2025 09:16:00,BUY,63.75,09 Dec 2025 11:13:10,698.75,4842.5,4842.5
157,NIFTY09DEC2525750CE,65,SELL,105.85,09 Dec 2025 09:25:00,BUY,115.05,09 Dec 2025 10:19:01,-598,6880.25,6880.25
157,NIFTY09DEC2525950PE,65,SELL,134.75,09 Dec 2025 09:25:00,BUY,143.95,09 Dec 2025 09:28:12,-598,8758.75,8758.75
158,NIFTY16DEC2526000CE,65,SELL,74.1,10 Dec 2025 09:16:00,BUY,63.35,10 Dec 2025 12:30:49,698.75,4816.5,4816.5
158,NIFTY16DEC2525750PE,65,SELL,82.9,10 Dec 2025 09:16:00,BUY,72.15,10 Dec 2025 09:18:10,698.75,5388.5,5388.5
158,NIFTY16DEC2525900CE,65,SELL,122.7,10 Dec 2025 09:25:00,BUY,131.9,10 Dec 2025 09:26:57,-598,7975.5,7975.5
158,NIFTY16DEC2525850PE,65,SELL,118.5,10 Dec 2025 09:25:00,BUY,127.7,10 Dec 2025 11:00:02,-598,7702.5,7702.5
159,NIFTY16DEC2526050CE,65,SELL,73.1,12 Dec 2025 09:16:00,BUY,62.35,12 Dec 2025 10:24:41,698.75,4751.5,4751.5
159,NIFTY16DEC2525950PE,65,SELL,69.45,12 Dec 2025 09:16:00,BUY,58.7,12 Dec 2025 09:30:02,698.75,4514.25,4514.25
159,NIFTY16DEC2525950CE,65,SELL,133.85,12 Dec 2025 09:25:00,BUY,143.05,12 Dec 2025 09:28:00,-598,8700.25,8700.25
159,NIFTY16DEC2526050PE,65,SELL,110.75,12 Dec 2025 09:25:00,BUY,119.95,12 Dec 2025 10:08:52,-598,7198.75,7198.75
160,NIFTY16DEC2525950CE,65,SELL,81.9,15 Dec 2025 09:16:00,BUY,71.15,15 Dec 2025 09:24:33,698.75,5323.5,5323.5
160,NIFTY16DEC2525950PE,65,SELL,68.5,15 Dec 2025 09:16:00,BUY,57.75,15 Dec 2025 10:29:23,698.75,4452.5,4452.5
160,NIFTY16DEC2525850CE,65,SELL,129.2,15 Dec 2025 09:25:00,BUY,138.4,15 Dec 2025 09:59:37,-598,8398,8398
160,NIFTY16DEC2526000PE,65,SELL,113.6,15 Dec 2025 09:25:00,BUY,122.8,15 Dec 2025 09:30:16,-598,7384,7384
161,NIFTY16DEC2525900CE,65,SELL,75,16 Dec 2025 09:16:00,BUY,64.25,16 Dec 2025 09:24:01,698.75,4875,4875
161,NIFTY16DEC2526000PE,65,SELL,89.55,16 Dec 2025 09:16:00,BUY,78.8,16 Dec 2025 13:46:16,698.75,5820.75,5820.75
161,NIFTY16DEC2525800CE,65,SELL,135.05,16 Dec 2025 09:25:00,BUY,144.25,16 Dec 2025 09:26:29,-598,8778.25,8778.25
161,NIFTY16DEC2526050PE,65,SELL,136.55,16 Dec 2025 09:25:00,BUY,145.75,16 Dec 2025 09:31:07,-598,8875.75,8875.75
162,NIFTY23DEC2526000CE,65,SELL,79.95,17 Dec 2025 09:16:00,BUY,69.2,17 Dec 2025 10:05:08,698.75,5196.75,5196.75
162,NIFTY23DEC2525800PE,65,SELL,85.1,17 Dec 2025 09:16:00,BUY,74.35,17 Dec 2025 09:17:00,698.75,5531.5,5531.5
162,NIFTY23DEC2525950CE,65,SELL,126.3,17 Dec 2025 09:25:00,BUY,74.95,17 Dec 2025 15:13:21,3337.75,8209.5,8209.5
162,NIFTY23DEC2525950PE,65,SELL,119.75,17 Dec 2025 09:25:00,BUY,128.95,17 Dec 2025 09:30:23,-598,7783.75,7783.75
163,NIFTY23DEC2525950CE,65,SELL,82.85,19 Dec 2025 09:16:00,BUY,72.1,19 Dec 2025 11:43:54,698.75,5385.25,5385.25
163,NIFTY23DEC2525900PE,65,SELL,79.2,19 Dec 2025 09:16:00,BUY,68.45,19 Dec 2025 09:22:44,698.75,5148,5148
163,NIFTY23DEC2525900CE,65,SELL,123.55,19 Dec 2025 09:25:00,BUY,132.75,19 Dec 2025 09:30:00,-598,8030.75,8030.75
163,NIFTY23DEC2526000PE,65,SELL,113.7,19 Dec 2025 09:25:00,BUY,122.9,19 Dec 2025 11:43:52,-598,7390.5,7390.5
164,NIFTY23DEC2526100CE,65,SELL,73.4,22 Dec 2025 09:16:00,BUY,83.75,22 Dec 2025 15:13:21,-672.75,4771,4771
164,NIFTY23DEC2526150PE,65,SELL,90.5,22 Dec 2025 09:16:00,BUY,79.75,22 Dec 2025 09:20:29,698.75,5882.5,5882.5
164,NIFTY23DEC2526050CE,65,SELL,115,22 Dec 2025 09:25:00,BUY,124.2,22 Dec 2025 09:59:06,-598,7475,7475
164,NIFTY23DEC2526200PE,65,SELL,110.4,22 Dec 2025 09:25:00,BUY,81.75,22 Dec 2025 15:13:21,1862.25,7176,7176
165,NIFTY23DEC2526150CE,65,SELL,63.4,23 Dec 2025 09:16:00,BUY,52.65,23 Dec 2025 09:16:21,698.75,4121,4121
165,NIFTY23DEC2526250PE,65,SELL,89.75,23 Dec 2025 09:16:00,BUY,79,23 Dec 2025 10:08:13,698.75,5833.75,5833.75
165,NIFTY23DEC2526050CE,65,SELL,109.25,23 Dec 2025 09:25:00,BUY,118.45,23 Dec 2025 09:57:43,-598,7101.25,7101.25
165,NIFTY23DEC2526250PE,65,SELL,117.3,23 Dec 2025 09:25:00,BUY,126.5,23 Dec 2025 09:43:27,-598,7624.5,7624.5
166,NIFTY30DEC2526200CE,65,SELL,89.6,24 Dec 2025 09:16:00,BUY,78.85,24 Dec 2025 13:32:41,698.75,5824,5824
166,NIFTY30DEC2526100PE,65,SELL,73.05,24 Dec 2025 09:16:00,BUY,62.3,24 Dec 2025 09:18:06,698.75,4748.25,4748.25
166,NIFTY30DEC2526200CE,65,SELL,121.45,24 Dec 2025 09:25:00,BUY,130.65,24 Dec 2025 09:33:27,-598,7894.25,7894.25
166,NIFTY30DEC2526250PE,65,SELL,111.35,24 Dec 2025 09:25:00,BUY,120.55,24 Dec 2025 13:32:08,-598,7237.75,7237.75
167,NIFTY30DEC2526100CE,65,SELL,80.35,26 Dec 2025 09:16:00,BUY,69.6,26 Dec 2025 09:51:48,698.75,5222.75,5222.75
167,NIFTY30DEC2526100PE,65,SELL,75.3,26 Dec 2025 09:16:00,BUY,64.55,26 Dec 2025 09:17:08,698.75,4894.5,4894.5
167,NIFTY30DEC2526050CE,65,SELL,128.15,26 Dec 2025 09:25:00,BUY,71.9,26 Dec 2025 15:13:21,3656.25,8329.75,8329.75
167,NIFTY30DEC2526200PE,65,SELL,111,26 Dec 2025 09:25:00,BUY,120.2,26 Dec 2025 09:32:20,-598,7215,7215
168,NIFTY30DEC2526050CE,65,SELL,70.8,29 Dec 2025 09:16:00,BUY,60.05,29 Dec 2025 09:55:20,698.75,4602,4602
168,NIFTY30DEC2526100PE,65,SELL,76.45,29 Dec 2025 09:16:00,BUY,65.7,29 Dec 2025 09:32:49,698.75,4969.25,4969.25
168,NIFTY30DEC2525950CE,65,SELL,136.05,29 Dec 2025 09:25:00,BUY,145.25,29 Dec 2025 09:32:55,-598,8843.25,8843.25
168,NIFTY30DEC2526150PE,65,SELL,106.1,29 Dec 2025 09:25:00,BUY,115.3,29 Dec 2025 09:58:32,-598,6896.5,6896.5
169,NIFTY30DEC2525850CE,65,SELL,73.5,30 Dec 2025 09:16:00,BUY,62.75,30 Dec 2025 09:21:26,698.75,4777.5,4777.5
169,NIFTY30DEC2525950PE,65,SELL,68.2,30 Dec 2025 09:16:00,BUY,57.45,30 Dec 2025 09:36:06,698.75,4433,4433
169,NIFTY30DEC2525750CE,65,SELL,141.2,30 Dec 2025 09:25:00,BUY,150.4,30 Dec 2025 09:34:06,-598,9178,9178
169,NIFTY30DEC2526000PE,65,SELL,121.65,30 Dec 2025 09:25:00,BUY,64.1,30 Dec 2025 15:13:21,3740.75,7907.25,7907.25
170,NIFTY06JAN2626100CE,65,SELL,80.6,31 Dec 2025 09:16:00,BUY,69.85,31 Dec 2025 09:45:09,698.75,5239,5239
170,NIFTY06JAN2626000PE,65,SELL,83.85,31 Dec 2025 09:16:00,BUY,73.1,31 Dec 2025 10:23:13,698.75,5450.25,5450.25
170,NIFTY06JAN2626000CE,65,SELL,132.25,31 Dec 2025 09:25:00,BUY,141.45,31 Dec 2025 09:29:07,-598,8596.25,8596.25
170,NIFTY06JAN2626050PE,65,SELL,108.75,31 Dec 2025 09:25:00,BUY,117.95,31 Dec 2025 09:25:56,-598,7068.75,7068.75
171,NIFTY06JAN2626200CE,65,SELL,75.15,02 Jan 2026 09:16:00,BUY,153.65,02 Jan 2026 15:13:21,-5102.5,4884.75,4884.75
171,NIFTY06JAN2626200PE,65,SELL,70.05,02 Jan 2026 09:16:00,BUY,59.3,02 Jan 2026 09:29:28,698.75,4553.25,4553.25
171,NIFTY06JAN2626150CE,65,SELL,108.45,02 Jan 2026 09:25:00,BUY,117.65,02 Jan 2026 09:28:37,-598,7049.25,7049.25
171,NIFTY06JAN2626300PE,65,SELL,119.9,02 Jan 2026 09:25:00,BUY,54.75,02 Jan 2026 15:13:21,4234.75,7793.5,7793.5
172,NIFTY06JAN2626300CE,65,SELL,87.35,05 Jan 2026 09:16:00,BUY,76.6,05 Jan 2026 09:21:00,698.75,5677.75,5677.75
172,NIFTY06JAN2626350PE,65,SELL,68.5,05 Jan 2026 09:16:00,BUY,57.75,05 Jan 2026 10:16:25,698.75,4452.5,4452.5
172,NIFTY06JAN2626200CE,65,SELL,132.4,05 Jan 2026 09:25:00,BUY,141.6,05 Jan 2026 09:26:07,-598,8606,8606
172,NIFTY06JAN2626400PE,65,SELL,118.35,05 Jan 2026 09:25:00,BUY,127.55,05 Jan 2026 09:29:27,-598,7692.75,7692.75
173,NIFTY06JAN2626200CE,65,SELL,79.75,06 Jan 2026 09:16:00,BUY,69,06 Jan 2026 09:16:24,698.75,5183.75,5183.75
173,NIFTY06JAN2626300PE,65,SELL,65.75,06 Jan 2026 09:16:00,BUY,55,06 Jan 2026 10:00:17,698.75,4273.75,4273.75
173,NIFTY06JAN2626100CE,65,SELL,115.65,06 Jan 2026 09:25:00,BUY,124.85,06 Jan 2026 09:33:48,-598,7517.25,7517.25
173,NIFTY06JAN2626300PE,65,SELL,107.4,06 Jan 2026 09:25:00,BUY,116.6,06 Jan 2026 09:26:24,-598,6981,6981
174,NIFTY13JAN2626200CE,65,SELL,75.1,07 Jan 2026 09:16:00,BUY,64.35,07 Jan 2026 12:43:26,698.75,4881.5,4881.5
174,NIFTY13JAN2626100PE,65,SELL,87.85,07 Jan 2026 09:16:00,BUY,77.1,07 Jan 2026 09:21:01,698.75,5710.25,5710.25
174,NIFTY13JAN2626150CE,65,SELL,121.2,07 Jan 2026 09:25:00,BUY,130.4,07 Jan 2026 10:12:41,-598,7878,7878
174,NIFTY13JAN2626200PE,65,SELL,117.9,07 Jan 2026 09:25:00,BUY,127.1,07 Jan 2026 09:26:14,-598,7663.5,7663.5
175,NIFTY13JAN2625950CE,65,SELL,81.45,09 Jan 2026 09:16:00,BUY,70.7,09 Jan 2026 09:22:41,698.75,5294.25,5294.25
175,NIFTY13JAN2625900PE,65,SELL,77.05,09 Jan 2026 09:16:00,BUY,208.75,09 Jan 2026 12:37:05,-8560.5,5008.25,5008.25
175,NIFTY13JAN2625850CE,65,SELL,120.45,09 Jan 2026 09:25:00,BUY,129.65,09 Jan 2026 09:27:06,-598,7829.25,7829.25
175,NIFTY13JAN2625950PE,65,SELL,115.3,09 Jan 2026 09:25:00,BUY,124.5,09 Jan 2026 09:28:41,-598,7494.5,7494.5
176,NIFTY13JAN2625650CE,65,SELL,88.1,12 Jan 2026 09:16:00,BUY,77.35,12 Jan 2026 09:20:01,698.75,5726.5,5726.5
176,NIFTY13JAN2625650PE,65,SELL,74.6,12 Jan 2026 09:16:00,BUY,63.85,12 Jan 2026 12:21:45,698.75,4849,4849
176,NIFTY13JAN2625550CE,65,SELL,110.45,12 Jan 2026 09:25:00,BUY,119.65,12 Jan 2026 09:38:34,-598,7179.25,7179.25
176,NIFTY13JAN2625650PE,65,SELL,108.2,12 Jan 2026 09:25:00,BUY,117.4,12 Jan 2026 09:27:14,-598,7033,7033
177,NIFTY13JAN2625800CE,65,SELL,84.2,13 Jan 2026 09:16:00,BUY,73.45,13 Jan 2026 09:20:02,698.75,5473,5473
177,NIFTY13JAN2625900PE,65,SELL,92.2,13 Jan 2026 09:16:00,BUY,81.45,13 Jan 2026 09:17:18,698.75,5993,5993
177,NIFTY13JAN2625750CE,65,SELL,110.7,13 Jan 2026 09:25:00,BUY,1.65,13 Jan 2026 15:13:21,7088.25,7195.5,7195.5
177,NIFTY13JAN2625950PE,65,SELL,134.65,13 Jan 2026 09:25:00,BUY,143.85,13 Jan 2026 09:25:36,-598,8752.25,8752.25
178,NIFTY20JAN2625800CE,65,SELL,84.5,14 Jan 2026 09:16:00,BUY,73.75,14 Jan 2026 13:39:58,698.75,5492.5,5492.5
178,NIFTY20JAN2625550PE,65,SELL,79.35,14 Jan 2026 09:16:00,BUY,68.6,14 Jan 2026 09:21:53,698.75,5157.75,5157.75
178,NIFTY20JAN2625750CE,65,SELL,125.7,14 Jan 2026 09:25:00,BUY,134.9,14 Jan 2026 09:25:22,-598,8170.5,8170.5
178,NIFTY20JAN2625700PE,65,SELL,121.6,14 Jan 2026 09:25:00,BUY,130.8,14 Jan 2026 09:46:29,-598,7904,7904
179,NIFTY20JAN2625850CE,65,SELL,71.6,16 Jan 2026 09:16:00,BUY,60.85,16 Jan 2026 09:31:09,698.75,4654,4654
179,NIFTY20JAN2625650PE,65,SELL,75,16 Jan 2026 09:16:00,BUY,64.25,16 Jan 2026 09:43:39,698.75,4875,4875
179,NIFTY20JAN2625750CE,65,SELL,111.35,16 Jan 2026 09:25:00,BUY,120.55,16 Jan 2026 09:53:35,-598,7237.75,7237.75
179,NIFTY20JAN2625750PE,65,SELL,114.45,16 Jan 2026 09:25:00,BUY,123.65,16 Jan 2026 09:32:51,-598,7439.25,7439.25
180,NIFTY20JAN2625600CE,65,SELL,70.15,19 Jan 2026 09:16:00,BUY,59.4,19 Jan 2026 09:31:30,698.75,4559.75,4559.75
180,NIFTY20JAN2625550PE,65,SELL,86.9,19 Jan 2026 09:16:00,BUY,76.15,19 Jan 2026 09:17:38,698.75,5648.5,5648.5
180,NIFTY20JAN2625500CE,65,SELL,119.85,19 Jan 2026 09:25:00,BUY,129.05,19 Jan 2026 09:26:33,-598,7790.25,7790.25
180,NIFTY20JAN2625600PE,65,SELL,106,19 Jan 2026 09:25:00,BUY,115.2,19 Jan 2026 09:30:44,-598,6890,6890
181,NIFTY20JAN2625500CE,65,SELL,84.4,20 Jan 2026 09:16:00,BUY,73.65,20 Jan 2026 09:22:36,698.75,5486,5486
181,NIFTY20JAN2625600PE,65,SELL,86.45,20 Jan 2026 09:16:00,BUY,75.7,20 Jan 2026 09:16:12,698.75,5619.25,5619.25
181,NIFTY20JAN2625400CE,65,SELL,132.55,20 Jan 2026 09:25:00,BUY,0.15,20 Jan 2026 15:13:21,8606,8615.75,8615.75
181,NIFTY20JAN2625600PE,65,SELL,111.35,20 Jan 2026 09:25:00,BUY,120.55,20 Jan 2026 09:27:33,-598,7237.75,7237.75
182,NIFTY27JAN2625400CE,65,SELL,80.75,21 Jan 2026 09:16:00,BUY,70,21 Jan 2026 09:59:08,698.75,5248.75,5248.75
182,NIFTY27JAN2625000PE,65,SELL,78.7,21 Jan 2026 09:16:00,BUY,67.95,21 Jan 2026 09:16:29,698.75,5115.5,5115.5
182,NIFTY27JAN2625350CE,65,SELL,124.3,21 Jan 2026 09:25:00,BUY,133.5,21 Jan 2026 09:25:55,-598,8079.5,8079.5
182,NIFTY27JAN2625200PE,65,SELL,120.7,21 Jan 2026 09:25:00,BUY,129.9,21 Jan 2026 09:46:37,-598,7845.5,7845.5
183,NIFTY27JAN2625400CE,65,SELL,88.5,23 Jan 2026 09:16:00,BUY,77.75,23 Jan 2026 09:43:00,698.75,5752.5,5752.5
183,NIFTY27JAN2625250PE,65,SELL,85.1,23 Jan 2026 09:16:00,BUY,74.35,23 Jan 2026 09:25:44,698.75,5531.5,5531.5
183,NIFTY27JAN2625350CE,65,SELL,120.1,23 Jan 2026 09:25:00,BUY,129.3,23 Jan 2026 09:25:51,-598,7806.5,7806.5
183,NIFTY27JAN2625350PE,65,SELL,118.4,23 Jan 2026 09:25:00,BUY,127.6,23 Jan 2026 09:35:21,-598,7696,7696
184,NIFTY27JAN2625150CE,65,SELL,87.45,27 Jan 2026 09:16:00,BUY,76.7,27 Jan 2026 09:16:10,698.75,5684.25,5684.25
184,NIFTY27JAN2625100PE,65,SELL,74.4,27 Jan 2026 09:16:00,BUY,63.65,27 Jan 2026 09:43:43,698.75,4836,4836
184,NIFTY27JAN2624950CE,65,SELL,108,27 Jan 2026 09:25:00,BUY,117.2,27 Jan 2026 09:27:42,-598,7020,7020
184,NIFTY27JAN2625000PE,65,SELL,117.75,27 Jan 2026 09:25:00,BUY,0.15,27 Jan 2026 15:13:21,7644,7653.75,7653.75
185,NIFTY03FEB2625800CE,65,SELL,76.25,28 Jan 2026 09:16:00,BUY,65.5,28 Jan 2026 09:51:46,698.75,4956.25,4956.25
185,NIFTY03FEB2624850PE,65,SELL,79.8,28 Jan 2026 09:16:00,BUY,69.05,28 Jan 2026 11:22:29,698.75,5187,5187
185,NIFTY03FEB2625700CE,65,SELL,117.05,28 Jan 2026 09:25:00,BUY,78.05,28 Jan 2026 15:13:21,2535,7608.25,7608.25
185,NIFTY03FEB2625050PE,65,SELL,118.8,28 Jan 2026 09:25:00,BUY,128,28 Jan 2026 09:35:04,-598,7722,7722
186,NIFTY03FEB2625550CE,65,SELL,85.2,30 Jan 2026 09:16:00,BUY,114.25,30 Jan 2026 15:13:21,-1888.25,5538,5538
186,NIFTY03FEB2624950PE,65,SELL,79.8,30 Jan 2026 09:16:00,BUY,69.05,30 Jan 2026 09:54:31,698.75,5187,5187
186,NIFTY03FEB2625450CE,65,SELL,113.3,30 Jan 2026 09:25:00,BUY,122.5,30 Jan 2026 09:26:05,-598,7364.5,7364.5
186,NIFTY03FEB2625050PE,65,SELL,117.8,30 Jan 2026 09:25:00,BUY,127,30 Jan 2026 11:33:30,-598,7657,7657
187,NIFTY03FEB2624950CE,65,SELL,82,02 Feb 2026 09:16:00,BUY,71.25,02 Feb 2026 10:05:22,698.75,5330,5330
187,NIFTY03FEB2624500PE,65,SELL,81.2,02 Feb 2026 09:16:00,BUY,70.45,02 Feb 2026 09:17:08,698.75,5278,5278
187,NIFTY03FEB2624950CE,65,SELL,128.25,02 Feb 2026 09:25:00,BUY,137.45,02 Feb 2026 09:31:20,-598,8336.25,8336.25
187,NIFTY03FEB2624750PE,65,SELL,114.35,02 Feb 2026 09:25:00,BUY,123.55,02 Feb 2026 09:25:19,-598,7432.75,7432.75
188,NIFTY03FEB2626300CE,65,SELL,76.45,03 Feb 2026 09:16:00,BUY,65.7,03 Feb 2026 09:16:10,698.75,4969.25,4969.25
188,NIFTY03FEB2625450PE,65,SELL,83.1,03 Feb 2026 09:16:00,BUY,72.35,03 Feb 2026 09:16:01,698.75,5401.5,5401.5
188,NIFTY03FEB2625850CE,65,SELL,126.3,03 Feb 2026 09:25:00,BUY,0.25,03 Feb 2026 15:13:21,8193.25,8209.5,8209.5
188,NIFTY03FEB2625750PE,65,SELL,113.8,03 Feb 2026 09:25:00,BUY,123,03 Feb 2026 09:25:17,-598,7397,7397
189,NIFTY10FEB2625950CE,65,SELL,83.8,04 Feb 2026 09:16:00,BUY,73.05,04 Feb 2026 11:27:47,698.75,5447,5447
189,NIFTY10FEB2625400PE,65,SELL,80.3,04 Feb 2026 09:16:00,BUY,69.55,04 Feb 2026 09:17:45,698.75,5219.5,5219.5
189,NIFTY10FEB2625900CE,65,SELL,117.35,04 Feb 2026 09:25:00,BUY,126.55,04 Feb 2026 09:26:14,-598,7627.75,7627.75
189,NIFTY10FEB2625600PE,65,SELL,114.85,04 Feb 2026 09:25:00,BUY,84.9,04 Feb 2026 15:13:21,1946.75,7465.25,7465.25
190,NIFTY10FEB2625700CE,65,SELL,84.7,06 Feb 2026 09:16:00,BUY,73.95,06 Feb 2026 09:26:53,698.75,5505.5,5505.5
190,NIFTY10FEB2625500PE,65,SELL,87.55,06 Feb 2026 09:16:00,BUY,76.8,06 Feb 2026 09:18:12,698.75,5690.75,5690.75
190,NIFTY10FEB2625600CE,65,SELL,123.35,06 Feb 2026 09:25:00,BUY,132.55,06 Feb 2026 11:38:10,-598,8017.75,8017.75
190,NIFTY10FEB2625600PE,65,SELL,119.55,06 Feb 2026 09:25:00,BUY,128.75,06 Feb 2026 09:32:01,-598,7770.75,7770.75
191,NIFTY10FEB2625850CE,65,SELL,87.9,09 Feb 2026 09:16:00,BUY,77.15,09 Feb 2026 09:17:31,698.75,5713.5,5713.5
191,NIFTY10FEB2625800PE,65,SELL,70.55,09 Feb 2026 09:16:00,BUY,59.8,09 Feb 2026 10:22:03,698.75,4585.75,4585.75
191,NIFTY10FEB2625800CE,65,SELL,104.15,09 Feb 2026 09:25:00,BUY,113.35,09 Feb 2026 10:39:00,-598,6769.75,6769.75
191,NIFTY10FEB2625900PE,65,SELL,119.75,09 Feb 2026 09:25:00,BUY,128.95,09 Feb 2026 09:26:57,-598,7783.75,7783.75
192,NIFTY10FEB2625850CE,65,SELL,89.45,10 Feb 2026 09:16:00,BUY,78.7,10 Feb 2026 09:23:24,698.75,5814.25,5814.25
192,NIFTY10FEB2625950PE,65,SELL,75.85,10 Feb 2026 09:16:00,BUY,65.1,10 Feb 2026 09:16:36,698.75,4930.25,4930.25
192,NIFTY10FEB2625800CE,65,SELL,128.05,10 Feb 2026 09:25:00,BUY,137.25,10 Feb 2026 09:33:13,-598,8323.25,8323.25
192,NIFTY10FEB2626000PE,65,SELL,102.75,10 Feb 2026 09:25:00,BUY,54.55,10 Feb 2026 15:13:21,3133,6678.75,6678.75
193,NIFTY17FEB2626100CE,65,SELL,88.75,11 Feb 2026 09:16:00,BUY,78,11 Feb 2026 09:33:43,698.75,5768.75,5768.75
193,NIFTY17FEB2625900PE,65,SELL,78.45,11 Feb 2026 09:16:00,BUY,92.9,11 Feb 2026 15:13:21,-939.25,5099.25,5099.25
193,NIFTY17FEB2626050CE,65,SELL,109.65,11 Feb 2026 09:25:00,BUY,82.45,11 Feb 2026 15:13:21,1768,7127.25,7127.25
193,NIFTY17FEB2626000PE,65,SELL,114.05,11 Feb 2026 09:25:00,BUY,123.25,11 Feb 2026 09:33:43,-598,7413.25,7413.25
194,NIFTY17FEB2625700CE,65,SELL,79.3,13 Feb 2026 09:16:00,BUY,68.55,13 Feb 2026 09:22:38,698.75,5154.5,5154.5
194,NIFTY17FEB2625550PE,65,SELL,76.5,13 Feb 2026 09:16:00,BUY,140.25,13 Feb 2026 15:13:21,-4143.75,4972.5,4972.5
194,NIFTY17FEB2625600CE,65,SELL,120,13 Feb 2026 09:25:00,BUY,71.5,13 Feb 2026 15:13:21,3152.5,7800,7800
194,NIFTY17FEB2625650PE,65,SELL,114.35,13 Feb 2026 09:25:00,BUY,123.55,13 Feb 2026 09:29:56,-598,7432.75,7432.75
195,NIFTY17FEB2625450CE,65,SELL,83,16 Feb 2026 09:16:00,BUY,214.9,16 Feb 2026 14:31:02,-8573.5,5395,5395
195,NIFTY17FEB2625400PE,65,SELL,85.55,16 Feb 2026 09:16:00,BUY,74.8,16 Feb 2026 09:16:25,698.75,5560.75,5560.75
195,NIFTY17FEB2625450CE,65,SELL,108.9,16 Feb 2026 09:25:00,BUY,118.1,16 Feb 2026 09:31:31,-598,7078.5,7078.5
195,NIFTY17FEB2625550PE,65,SELL,120.55,16 Feb 2026 09:25:00,BUY,129.75,16 Feb 2026 09:25:57,-598,7835.75,7835.75
196,NIFTY17FEB2625550CE,65,SELL,90.25,17 Feb 2026 09:16:00,BUY,79.5,17 Feb 2026 09:16:13,698.75,5866.25,5866.25
196,NIFTY17FEB2625650PE,65,SELL,77.4,17 Feb 2026 09:16:00,BUY,66.65,17 Feb 2026 09:42:41,698.75,5031,5031
196,NIFTY17FEB2625450CE,65,SELL,134.45,17 Feb 2026 09:25:00,BUY,143.65,17 Feb 2026 09:26:03,-598,8739.25,8739.25
196,NIFTY17FEB2625650PE,65,SELL,102.05,17 Feb 2026 09:25:00,BUY,0.1,17 Feb 2026 15:13:21,6626.75,6633.25,6633.25
197,NIFTY24FEB2625900CE,65,SELL,73.3,18 Feb 2026 09:16:00,BUY,62.55,18 Feb 2026 09:55:10,698.75,4764.5,4764.5
197,NIFTY24FEB2625550PE,65,SELL,74.85,18 Feb 2026 09:16:00,BUY,64.1,18 Feb 2026 09:28:01,698.75,4865.25,4865.25
197,NIFTY24FEB2625750CE,65,SELL,121.2,18 Feb 2026 09:25:00,BUY,130.4,18 Feb 2026 09:27:00,-598,7878,7878
197,NIFTY24FEB2625700PE,65,SELL,128.2,18 Feb 2026 09:25:00,BUY,137.4,18 Feb 2026 09:55:45,-598,8333,8333
198,NIFTY24FEB2625600CE,65,SELL,74.1,20 Feb 2026 09:16:00,BUY,63.35,20 Feb 2026 09:24:39,698.75,4816.5,4816.5
198,NIFTY24FEB2625350PE,65,SELL,74.4,20 Feb 2026 09:16:00,BUY,63.65,20 Feb 2026 09:56:46,698.75,4836,4836
198,NIFTY24FEB2625450CE,65,SELL,120.8,20 Feb 2026 09:25:00,BUY,130,20 Feb 2026 09:33:05,-598,7852,7852
198,NIFTY24FEB2625400PE,65,SELL,109.85,20 Feb 2026 09:25:00,BUY,119.05,20 Feb 2026 09:28:56,-598,7140.25,7140.25